"","yearID","Rank","R","H","X2B","X3B","HR","BB","SO","SB","CS","ER","IPouts","HA","HRA","BBA","playoff_nextyear","TeamSalary"
"1",1985,5,632,1359,213,28,126,553,849,72,52,679,4372,1512,134,642,"N",1.46959497168275
"2",1985,4,818,1451,234,22,214,604,908,69,43,694,4282,1480,160,568,"N",1.147400839081
"3",1985,5,800,1615,292,31,162,562,816,66,27,659,4384,1487,130,540,"Y",1.08158299315263
"4",1985,2,732,1364,215,31,153,648,902,106,51,633,4372,1453,171,514,"Y",1.43196869550697
"5",1985,3,736,1386,247,37,146,471,843,108,56,656,4355,1411,161,569,"N",0.977233313911887
"6",1985,4,686,1397,239,28,150,562,937,182,49,666,4327,1492,156,519,"N",1.26076470243151
"7",1985,2,677,1385,249,34,114,576,856,159,70,598,4354,1347,131,535,"N",0.829721887410356
"8",1985,7,729,1465,254,31,116,492,817,132,72,776,4263,1556,170,547,"N",0.650252948588156
"9",1985,3,729,1413,254,45,202,526,926,75,41,612,4368,1313,141,556,"N",1.02705334767705
"10",1985,3,706,1457,261,42,121,477,873,96,56,593,4374,1393,119,543,"Y",0.991810461360794
"11",1985,1,687,1384,261,49,154,473,840,128,48,566,4383,1433,103,463,"N",0.925127155301873
"12",1985,1,682,1434,226,28,129,539,846,136,58,482,4395,1280,102,462,"N",1.08856592645598
"13",1985,4,705,1453,282,41,141,502,779,68,44,710,4279,1468,164,462,"N",0.57215857055792
"14",1985,6,690,1467,250,44,101,462,746,69,34,701,4311,1510,175,499,"N",1.11994778868982
"15",1985,3,633,1342,242,49,118,492,880,169,77,574,4371,1346,99,509,"N",0.93991411728243
"16",1985,2,839,1458,272,31,176,620,771,155,53,590,4321,1373,157,518,"N",1.41314196016703
"17",1985,2,695,1425,239,35,134,546,872,117,53,514,4464,1306,111,515,"Y",1.07535029071246
"18",1985,4,757,1475,230,34,155,508,861,117,58,712,4359,1451,172,607,"N",0.899066781120766
"19",1985,5,667,1343,238,47,141,527,1095,122,51,592,4341,1424,115,596,"N",1.00490302708576
"20",1985,6,568,1340,251,28,80,514,842,110,60,638,4336,1406,107,584,"N",0.91582951314936
"21",1985,3,650,1405,241,28,109,513,809,60,39,549,4354,1399,127,443,"N",1.09538102798402
"22",1985,6,719,1410,277,38,171,564,942,94,35,744,4296,1456,154,637,"N",0.457840319063451
"23",1985,6,556,1263,217,31,115,488,962,99,55,581,4344,1348,125,572,"N",0.816005237591252
"24",1985,1,747,1446,245,59,87,586,853,314,96,505,4392,1343,98,453,"N",1.17284566466926
"25",1985,7,617,1359,213,41,129,530,819,130,76,715,4235,1479,173,501,"N",0.76189273992859
"26",1985,1,759,1482,281,53,158,503,807,144,77,532,4344,1312,147,484,"N",0.874645719436943
"27",1986,6,615,1348,241,24,138,538,904,93,76,629,4274,1443,117,576,"N",1.44442394053155
"28",1986,7,708,1425,223,13,169,563,862,64,34,687,4310,1451,177,535,"N",1.09802743905158
"29",1986,1,794,1488,320,21,144,595,707,41,34,625,4289,1469,167,474,"N",1.21634795692685
"30",1986,1,786,1387,236,36,167,671,860,109,42,621,4368,1356,153,478,"N",1.21846094849256
"31",1986,5,644,1335,197,34,121,487,940,115,54,630,4327,1361,143,561,"N",0.879926322861372
"32",1986,5,680,1409,258,27,155,508,966,132,62,721,4335,1546,143,557,"N",1.45332377418609
"33",1986,2,732,1404,237,35,144,586,920,177,53,638,4404,1465,136,524,"N",1.0055596715329
"34",1986,5,831,1620,270,45,157,456,944,141,54,736,4343,1548,167,605,"N",0.659555043463744
"35",1986,3,798,1447,234,30,198,613,885,138,58,645,4331,1374,183,571,"Y",1.04181860342228
"36",1986,1,654,1388,244,32,125,536,916,163,75,509,4369,1203,116,523,"N",0.833852228863505
"37",1986,3,654,1403,264,45,137,474,919,97,46,612,4322,1413,121,479,"N",1.10161172947282
"38",1986,5,638,1373,232,14,130,478,966,155,67,608,4363,1428,115,499,"N",1.259550057992
"39",1986,6,741,1446,257,39,196,501,977,81,61,759,4298,1579,200,503,"Y",0.738830612191958
"40",1986,6,667,1393,255,38,127,530,986,100,50,638,4295,1478,158,494,"N",0.839795022920534
"41",1986,4,637,1401,255,50,110,537,1016,193,95,616,4399,1350,119,566,"N",0.937759828491457
"42",1986,2,797,1512,275,23,188,645,911,139,48,659,4330,1461,175,492,"N",1.56194094900371
"43",1986,1,783,1462,261,31,148,631,968,118,48,513,4452,1304,103,509,"N",1.3000834504563
"44",1986,3,731,1370,213,25,163,553,983,139,61,686,4299,1334,166,667,"N",0.825925660119758
"45",1986,2,739,1386,266,39,154,589,1154,153,59,621,4355,1473,130,553,"N",0.978852991853769
"46",1986,6,663,1366,273,33,111,569,929,152,84,629,4352,1397,138,570,"N",0.915792959062566
"47",1986,4,656,1442,239,25,136,484,917,96,68,640,4330,1406,150,607,"N",0.961161849831939
"48",1986,7,718,1392,243,41,158,572,1148,93,76,744,4319,1590,171,585,"N",0.503211825528576
"49",1986,3,698,1394,269,29,114,536,1087,148,93,541,4381,1264,121,591,"Y",0.755623147944186
"50",1986,3,601,1270,216,48,58,568,905,262,78,549,4399,1364,135,485,"Y",0.833998674659698
"51",1986,2,771,1479,248,43,184,511,1088,103,85,662,4351,1356,145,736,"N",0.569493328014111
"52",1986,4,809,1540,285,35,181,496,848,110,59,669,4428,1467,164,487,"N",1.06507198312418
"53",1987,5,747,1401,284,24,152,641,834,135,68,734,4283,1529,163,587,"N",1.57812700431945
"54",1987,6,729,1437,219,20,211,524,939,69,45,801,4319,1555,226,547,"N",1.32589782917844
"55",1987,5,842,1554,273,26,174,606,825,77,45,761,4308,1584,190,517,"Y",0.967616175892631
"56",1987,6,770,1406,257,26,172,590,926,125,44,709,4372,1481,212,504,"N",1.22509589870325
"57",1987,5,748,1427,283,36,173,487,971,138,52,691,4343,1436,189,537,"N",1.01508772756893
"58",1987,6,720,1475,244,33,209,504,1064,109,48,726,4304,1524,159,628,"N",1.3647893688122
"59",1987,2,783,1478,262,29,192,514,928,169,46,685,4357,1486,170,485,"N",0.885329424934296
"60",1987,7,742,1476,267,30,187,489,977,140,54,835,4268,1566,219,606,"N",0.812096470563417
"61",1987,1,896,1535,274,32,225,653,913,106,50,651,4368,1430,180,563,"N",1.15635869894703
"62",1987,3,648,1386,238,28,122,526,936,162,46,615,4324,1363,141,525,"N",1.20266787122645
"63",1987,2,715,1443,239,40,168,523,1034,125,43,610,4272,1424,128,548,"N",1.12823638599048
"64",1987,4,635,1389,236,23,125,445,923,128,59,601,4365,1415,130,565,"Y",1.30444827600439
"65",1987,1,786,1422,258,35,196,523,898,113,65,734,4282,1465,210,564,"N",0.610234875399144
"66",1987,3,862,1552,272,46,163,598,1040,176,74,752,4392,1548,169,529,"N",0.695674816553036
"67",1987,3,741,1467,310,39,120,501,918,166,74,631,4351,1428,145,446,"N",0.662177762756448
"68",1987,4,788,1445,239,16,196,604,949,105,43,700,4339,1475,179,542,"N",1.63108117892161
"69",1987,2,823,1499,287,34,192,592,1012,159,49,621,4362,1407,135,510,"Y",1.32078902578782
"70",1987,3,806,1432,263,33,199,593,1056,140,63,694,4337,1442,176,531,"Y",1.11419387756506
"71",1987,4,702,1390,248,51,169,587,1109,111,49,673,4345,1453,167,587,"N",1.09830192107412
"72",1987,4,723,1464,282,45,131,535,914,140,58,674,4335,1377,164,562,"N",0.72989718898855
"73",1987,6,668,1419,209,48,113,577,992,198,91,680,4300,1402,175,602,"N",1.0555271032829
"74",1987,4,760,1499,282,48,161,500,863,174,73,713,4292,1503,199,497,"N",0.215907251342862
"75",1987,1,783,1458,274,32,205,511,1094,126,97,601,4413,1407,146,547,"N",0.695367290607231
"76",1987,1,798,1449,252,49,94,644,933,248,72,637,4398,1484,129,533,"N",1.12155399217556
"77",1987,6,823,1478,264,35,194,567,1081,120,71,743,4333,1388,199,760,"N",0.0839400844628756
"78",1987,2,845,1514,277,38,215,555,970,126,50,605,4362,1323,158,567,"N",0.999602498941806
"79",1988,6,555,1319,228,28,96,432,848,95,69,657,4338,1481,108,524,"N",1.10144734262487
"80",1988,7,550,1275,199,20,137,504,869,69,44,714,4248,1506,153,523,"N",1.17101385076527
"81",1988,1,813,1569,310,39,124,623,728,65,36,629,4279,1415,143,493,"N",1.20251448528836
"82",1988,4,714,1458,258,31,124,469,819,86,52,698,4367,1503,135,568,"N",1.03388111789706
"83",1988,5,631,1327,224,35,132,446,908,98,46,659,4317,1467,138,533,"N",0.552966082909686
"84",1988,4,660,1481,262,46,113,403,910,120,46,625,4393,1494,115,490,"Y",1.13528505930776
"85",1988,2,641,1334,246,25,122,479,922,207,56,541,4365,1271,121,504,"N",0.769168811898153
"86",1988,6,666,1435,235,28,134,416,866,97,50,663,4302,1501,120,442,"N",0.773330422523068
"87",1988,2,703,1358,213,28,143,588,841,87,42,596,4337,1361,150,497,"N",1.11368329649422
"88",1988,5,617,1338,239,31,96,474,840,198,71,558,4424,1339,123,478,"N",1.06319775273306
"89",1988,3,704,1419,275,40,121,486,944,137,54,580,4285,1415,102,465,"N",1.25966902500344
"90",1988,1,628,1346,217,25,99,437,947,131,46,482,4390,1291,84,473,"N",1.45817891620671
"91",1988,2,759,1508,294,31,151,528,832,107,63,625,4295,1457,146,453,"N",1.0784712990034
"92",1988,3,682,1409,258,26,113,439,911,159,55,555,4348,1355,125,437,"N",0.727076843287508
"93",1988,3,628,1400,260,48,107,454,1053,189,89,508,4448,1310,122,476,"N",0.831035591844651
"94",1988,5,772,1469,272,12,148,588,935,146,39,689,4368,1512,157,487,"N",1.68236270245568
"95",1988,1,703,1387,251,24,152,544,842,140,51,465,4317,1253,78,404,"N",1.32134784840345
"96",1988,1,800,1474,251,22,156,580,926,129,54,569,4468,1376,116,553,"Y",0.838535421501542
"97",1988,6,597,1294,246,31,106,489,981,112,49,659,4299,1447,118,628,"N",1.19748742649518
"98",1988,2,651,1327,240,45,110,553,947,119,60,555,4322,1349,108,469,"N",0.519087175013106
"99",1988,3,594,1325,205,35,94,494,892,123,50,528,4347,1332,112,439,"N",0.827372429519823
"100",1988,7,664,1397,271,27,148,461,787,95,61,659,4284,1385,144,558,"N",0.63538745155872
"101",1988,4,670,1353,227,44,113,550,1023,121,78,550,4387,1323,99,422,"Y",1.07131770053551
"102",1988,5,578,1373,207,33,71,484,827,234,64,567,4412,1387,91,486,"N",1.11458578214034
"103",1988,6,637,1378,227,39,112,542,1022,130,57,647,4316,1310,129,654,"N",0.462287520103349
"104",1988,3,763,1491,271,47,158,521,935,107,36,611,4347,1404,143,528,"Y",1.05930864448609
"105",1989,6,584,1281,201,22,128,485,996,83,54,595,4343,1370,114,468,"N",0.802567017249825
"106",1989,2,708,1369,238,33,129,593,957,118,55,644,4345,1518,134,486,"N",0.597658070431845
"107",1989,3,774,1571,326,30,108,643,755,56,35,650,4381,1448,131,548,"Y",1.262585731195
"108",1989,3,669,1422,208,37,145,429,1011,89,40,530,4363,1384,113,465,"N",1.0904120410479
"109",1989,7,693,1493,262,36,94,464,873,97,52,668,4266,1472,144,539,"N",0.524730307134131
"110",1989,1,702,1438,235,45,124,472,921,136,57,556,4381,1369,106,532,"N",0.770475846030288
"111",1989,5,632,1362,243,28,128,493,1028,128,71,607,4393,1404,125,559,"Y",0.79965397143301
"112",1989,6,604,1340,221,26,127,499,934,74,51,589,4359,1423,107,452,"N",0.656832825433301
"113",1989,7,617,1315,198,24,116,585,899,103,50,719,4282,1514,150,652,"N",1.09391998839675
"114",1989,3,647,1316,239,28,97,530,860,144,62,599,4438,1379,105,551,"N",1.08547682113913
"115",1989,2,690,1428,227,41,101,554,897,154,51,572,4355,1415,86,455,"N",1.34938487642149
"116",1989,4,554,1313,241,17,89,507,885,81,54,479,4390,1278,95,504,"N",1.52185316452284
"117",1989,5,740,1542,278,35,117,478,743,111,53,680,4288,1495,139,500,"N",1.12174479767621
"118",1989,4,707,1415,235,32,126,455,791,165,62,604,4297,1463,129,457,"N",0.832948812548492
"119",1989,4,632,1353,267,30,100,572,958,160,70,567,4405,1344,120,519,"N",0.997212197341985
"120",1989,5,698,1470,229,23,130,502,831,137,60,708,4244,1550,150,521,"N",1.2360529206416
"121",1989,2,683,1351,280,21,147,504,934,158,53,532,4363,1260,115,532,"N",1.43616112693076
"122",1989,1,712,1414,220,25,127,562,855,157,55,497,4345,1287,103,510,"Y",1.1276240454987
"123",1989,6,629,1324,215,36,123,558,926,106,50,644,4300,1408,127,613,"N",0.765853568738768
"124",1989,5,637,1334,263,53,95,563,914,155,69,602,4463,1394,121,539,"Y",0.919941515636557
"125",1989,2,642,1360,215,32,120,552,1013,136,67,547,4372,1359,133,481,"N",1.02520665864266
"126",1989,6,694,1417,237,29,134,489,838,81,55,639,4314,1422,114,560,"N",0.706305637069104
"127",1989,1,699,1365,241,52,141,508,1071,87,54,535,4371,1320,120,471,"N",1.08066199710918
"128",1989,3,632,1418,263,47,73,507,848,155,54,546,4383,1330,84,482,"N",1.16126288515698
"129",1989,4,695,1433,260,46,122,503,989,101,49,623,4303,1279,119,654,"N",0.859005528540866
"130",1989,1,731,1449,265,40,142,521,923,144,58,584,4401,1408,99,478,"N",1.17446764803262
"131",1990,6,682,1376,263,26,162,473,1010,92,55,727,4289,1527,128,579,"Y",0.852577293131678
"132",1990,5,669,1328,234,22,132,660,962,94,52,644,4306,1445,161,537,"N",0.567003486448681
"133",1990,1,699,1502,298,31,106,598,795,53,52,596,4326,1439,92,519,"N",1.20418856763774
"134",1990,4,690,1448,237,27,147,566,1000,69,43,613,4362,1482,106,544,"N",1.27223232005687
"135",1990,2,682,1393,251,44,106,478,903,140,90,581,4348,1313,106,548,"N",0.555957323472364
"136",1990,4,690,1474,240,36,136,406,869,151,50,695,4328,1510,121,572,"N",0.798015337405836
"137",1990,1,693,1466,284,40,125,466,913,166,66,549,4369,1338,124,543,"N",0.841711714512762
"138",1990,4,732,1465,266,41,110,458,836,107,52,676,4282,1491,163,518,"N",0.848564899662239
"139",1990,3,750,1418,241,32,172,634,952,82,57,697,4291,1401,154,661,"N",1.03051040506688
"140",1990,4,573,1301,209,32,94,548,997,179,83,581,4350,1396,130,496,"N",1.07366567341816
"141",1990,6,707,1465,316,44,100,498,879,107,62,621,4262,1449,116,560,"N",1.36835755508119
"142",1990,2,728,1436,222,27,129,538,952,141,65,596,4326,1364,137,478,"N",1.24872671503341
"143",1990,7,666,1458,281,39,100,445,749,96,53,658,4307,1509,134,489,"Y",0.855300936347623
"144",1990,6,732,1408,247,36,128,519,821,164,72,655,4335,1558,121,469,"N",1.15503506362794
"145",1990,3,662,1363,227,43,114,576,1024,235,99,551,4420,1349,127,510,"N",0.971534939530542
"146",1990,7,603,1322,208,19,147,427,1027,119,45,676,4334,1430,144,618,"N",1.22492296716883
"147",1990,2,775,1410,278,21,172,536,851,110,33,548,4320,1339,119,444,"N",1.27239831943049
"148",1990,1,733,1379,209,22,164,651,992,141,54,514,4368,1287,123,494,"N",1.16489509840531
"149",1990,4,646,1410,237,27,103,582,915,108,35,655,4347,1381,124,651,"N",0.771637427765497
"150",1990,1,733,1395,288,42,138,582,914,137,52,546,4341,1367,135,413,"Y",0.911180753720287
"151",1990,4,673,1429,243,35,123,509,902,138,59,597,4385,1437,147,507,"N",1.03022315703292
"152",1990,5,640,1419,251,26,107,596,749,105,51,592,4330,1319,120,606,"N",0.73532140389647
"153",1990,3,719,1459,221,35,152,488,973,109,56,655,4339,1477,131,553,"N",1.13255228184448
"154",1990,6,599,1398,255,41,73,517,844,221,74,621,4330,1432,98,475,"N",1.20213852809033
"155",1990,3,676,1416,257,27,110,575,1054,115,48,615,4334,1343,113,623,"N",0.871254917078679
"156",1990,2,767,1479,263,50,167,526,970,111,52,620,4362,1434,143,445,"Y",1.04009291513281
"157",1991,1,749,1407,255,30,141,563,906,165,76,563,4358,1304,118,481,"Y",0.78051094489571
"158",1991,6,686,1421,256,29,170,528,974,50,33,743,4373,1534,147,504,"N",0.742998410282171
"159",1991,2,731,1486,305,25,126,593,820,59,39,642,4319,1405,147,530,"N",1.49148904581302
"160",1991,7,653,1396,245,29,115,448,928,94,56,591,4325,1351,141,543,"N",1.40210789353998
"161",1991,2,758,1464,226,39,139,610,896,134,74,622,4434,1302,154,601,"N",0.717580094954262
"162",1991,4,695,1395,232,26,159,442,879,123,64,653,4370,1415,117,542,"N",0.982903347121923
"163",1991,5,689,1419,250,27,164,488,1006,124,56,613,4320,1372,127,560,"N",1.11563562994139
"164",1991,7,576,1390,236,26,79,449,888,84,58,678,4324,1551,110,441,"N",0.747918086952799
"165",1991,2,817,1372,259,26,209,699,1185,109,47,726,4351,1570,148,593,"N",1.01100767867898
"166",1991,6,605,1345,240,43,79,502,1027,125,68,646,4359,1347,129,651,"N",0.545087451803848
"167",1991,6,727,1475,290,41,117,523,969,119,68,639,4398,1473,105,529,"N",1.11625063193622
"168",1991,2,665,1366,191,29,108,583,957,126,68,496,4374,1312,96,500,"N",1.39068504047587
"169",1991,1,776,1557,270,42,140,526,747,107,68,595,4348,1402,139,488,"N",0.9907988344242
"170",1991,4,799,1523,247,53,116,556,802,106,68,674,4391,1498,147,527,"N",0.980351604137081
"171",1991,6,579,1329,236,42,95,484,1056,221,100,583,4321,1304,111,584,"N",0.455169036909577
"172",1991,5,674,1418,249,19,147,473,861,109,36,709,4332,1510,152,506,"N",1.15969366713218
"173",1991,5,640,1305,250,24,117,578,789,153,70,568,4312,1403,108,410,"N",1.38217472082279
"174",1991,4,760,1342,246,19,159,642,981,151,64,734,4333,1425,155,655,"Y",1.56917188553939
"175",1991,3,629,1332,248,33,111,490,1026,92,30,628,4389,1346,111,670,"N",0.953710367457469
"176",1991,1,768,1433,259,50,126,620,901,124,46,557,4370,1411,117,401,"Y",1.00236999877553
"177",1991,3,636,1321,204,36,121,501,1069,101,64,577,4358,1385,139,457,"N",0.939403820466265
"178",1991,5,702,1400,268,29,126,588,811,97,44,616,4393,1387,136,628,"N",0.665506420081815
"179",1991,4,649,1345,215,48,141,471,973,95,57,646,4326,1397,143,544,"N",1.31336986175862
"180",1991,2,651,1366,239,53,68,532,857,202,110,588,4306,1367,114,454,"N",0.927104628789695
"181",1991,3,829,1539,288,31,177,596,1039,102,50,734,4437,1486,151,662,"N",0.772919374860861
"182",1991,1,684,1412,295,45,133,499,1043,148,53,569,4388,1301,121,523,"Y",0.844081522448362
"183",1992,1,682,1391,223,48,138,493,924,126,60,510,4380,1321,89,489,"Y",1.1175794427136
"184",1992,3,705,1423,243,36,148,647,827,89,48,616,4392,1419,124,518,"N",0.767553183480363
"185",1992,7,599,1343,259,21,84,591,865,44,48,577,4346,1403,107,535,"N",1.40759056853358
"186",1992,5,579,1306,202,20,88,416,882,160,101,617,4338,1449,130,532,"N",1.1215817426619
"187",1992,3,738,1434,269,36,110,622,784,160,57,621,4385,1400,123,550,"Y",0.973481668347216
"188",1992,4,593,1420,221,41,104,417,816,77,51,554,4407,1337,107,575,"N",0.962793451147506
"189",1992,2,660,1418,281,44,99,563,888,125,65,558,4349,1362,109,470,"N",1.15973771655234
"190",1992,4,674,1495,227,24,127,448,885,144,67,671,4410,1507,159,566,"N",0.302527669266027
"191",1992,6,791,1411,256,16,182,675,1055,66,45,733,4307,1534,155,564,"N",0.881881413099367
"192",1992,4,608,1350,255,38,96,506,1025,139,54,603,4378,1386,114,539,"N",0.497297896416181
"193",1992,5,610,1411,284,42,75,439,741,131,71,613,4342,1426,106,512,"N",1.09396932336065
"194",1992,6,548,1333,201,34,72,503,899,142,78,545,4314,1401,82,553,"N",1.44559861990191
"195",1992,2,747,1544,275,27,104,527,834,123,74,598,4359,1391,121,479,"N",0.904636241395548
"196",1992,2,740,1477,272,35,82,511,779,256,115,556,4371,1344,127,435,"N",1.00100803889352
"197",1992,2,648,1381,263,37,102,463,976,196,63,530,4404,1296,92,525,"N",0.51068722470188
"198",1992,4,733,1462,281,18,163,536,903,78,37,679,4358,1453,129,612,"N",1.2117618706896
"199",1992,5,599,1254,259,17,93,572,956,129,52,588,4340,1404,98,482,"N",1.43958992507222
"200",1992,1,745,1389,219,24,142,707,831,143,59,599,4341,1396,129,601,"N",1.3244601122465
"201",1992,6,686,1392,255,36,118,509,1059,127,31,652,4284,1387,113,549,"Y",0.787021214003657
"202",1992,1,693,1409,272,54,106,569,872,110,53,551,4439,1410,101,455,"N",1.09559388899559
"203",1992,3,617,1396,255,30,135,453,864,69,52,578,4384,1444,111,439,"N",0.866754551946053
"204",1992,7,679,1466,278,24,149,474,841,100,55,730,4335,1467,129,661,"N",0.748160453686735
"205",1992,5,574,1330,220,36,105,435,1067,112,64,586,4383,1385,128,502,"N",1.07038609020908
"206",1992,3,631,1464,262,44,94,495,996,208,118,556,4440,1405,118,400,"N",0.890305605574488
"207",1992,4,682,1387,266,23,159,550,1036,81,44,663,4381,1471,113,598,"N",0.972427329026474
"208",1992,1,780,1458,265,40,163,561,933,129,39,626,4322,1346,124,541,"Y",1.44561475807801
"209",1994,2,542,1031,198,18,137,377,668,48,31,407,3079,929,76,378,"Y",1.49028269682235
"210",1994,2,589,1047,185,20,139,438,655,69,13,478,2993,1005,131,351,"N",1.17239813449978
"211",1994,4,552,1038,222,19,120,404,723,81,38,564,3088,1104,120,450,"Y",1.14250150253069
"212",1994,4,543,1042,178,16,120,402,715,65,54,618,3081,1149,150,436,"N",0.759157745681055
"213",1994,1,633,1133,175,39,121,497,568,77,27,445,3034,964,115,377,"N",1.18247952076485
"214",1994,5,500,1015,189,26,109,364,750,69,53,508,3071,1054,120,392,"N",1.09506961328836
"215",1994,1,609,1142,211,36,124,388,738,119,51,436,3115,1037,117,339,"Y",1.23613544767516
"216",1994,2,679,1165,240,20,167,382,629,131,48,494,3056,1097,94,404,"Y",0.920134308133607
"217",1994,3,573,1098,206,39,125,378,761,91,53,590,3093,1185,120,448,"Y",0.720865667113104
"218",1994,5,652,1048,216,25,161,520,897,46,33,609,3054,1139,148,449,"N",1.25076163139974
"219",1994,5,468,1043,180,24,94,349,746,65,26,507,3045,1069,120,428,"N",0.652834997387853
"220",1994,2,602,1099,252,25,120,394,718,124,44,454,3089,1043,102,367,"N",0.999667735564647
"221",1994,3,574,1051,211,38,100,376,698,140,62,485,3095,1018,95,392,"N",1.22344573919429
"222",1994,1,532,1055,160,29,115,366,687,74,37,470,3042,1041,90,354,"Y",1.14675405877934
"223",1994,4,594,1092,239,23,103,359,635,94,30,634,3015,1197,153,388,"N",0.858209590589121
"224",1994,5,547,1045,238,21,99,417,680,59,37,532,3108,1071,127,421,"N",0.734842999301665
"225",1994,1,585,1111,246,30,108,379,669,137,36,410,3110,970,100,288,"N",0.576334432585088
"226",1994,1,670,1155,238,16,139,530,660,55,40,492,3059,1045,120,398,"Y",1.38006819731119
"227",1994,3,506,966,164,21,117,336,807,25,26,470,3069,1069,117,332,"N",0.934199638604995
"228",1994,2,549,1009,178,13,113,417,686,91,39,535,3010,979,128,510,"N",1.03124873795758
"229",1994,4,521,1028,208,28,80,396,711,67,24,438,3073,1028,98,377,"N",0.95358633025742
"230",1994,3,466,1001,198,23,80,349,725,53,25,518,3017,1094,117,370,"N",0.73082181576716
"231",1994,4,479,1117,200,19,92,319,762,79,37,474,3137,1008,99,393,"N",0.450141183150342
"232",1994,3,569,1045,211,18,153,372,652,48,21,546,2952,1051,109,486,"Y",0.882050003288996
"233",1994,2,504,963,159,32,123,364,719,114,40,454,3076,1014,122,372,"N",1.28673847393942
"234",1994,3,535,1026,213,27,108,434,686,76,46,581,3054,1154,134,355,"N",0.883471404907448
"235",1994,1,613,1114,198,27,124,437,730,82,35,620,3069,1176,157,394,"N",0.99506855782199
"236",1994,3,566,1064,210,30,115,387,691,79,26,535,3075,1053,127,482,"N",1.31072983568275
"237",1995,1,645,1202,210,27,168,520,933,73,43,494,3875,1184,107,436,"Y",1.3900525922029
"238",1995,3,704,1267,229,27,173,574,803,92,45,607,3801,1165,149,523,"Y",1.2931478728311
"239",1995,1,791,1399,286,31,175,560,923,99,44,631,3878,1338,127,476,"N",0.955106423305376
"240",1995,2,801,1390,252,25,186,564,889,58,39,645,3853,1310,163,486,"N",0.918840709245871
"241",1995,3,755,1417,252,37,146,576,767,110,39,693,3854,1374,164,617,"N",1.3819844774887
"242",1995,3,693,1315,267,39,158,440,953,105,37,597,3903,1313,162,518,"N",0.868302628181197
"243",1995,1,747,1326,277,35,161,519,946,190,68,578,3868,1270,131,424,"N",1.26966857988188
"244",1995,1,840,1461,279,23,207,542,766,132,53,554,3903,1261,135,445,"Y",1.11644096682726
"245",1995,2,785,1406,259,43,200,484,943,125,59,711,3865,1443,160,512,"N",1.00511073626609
"246",1995,4,654,1204,228,29,159,551,987,73,36,778,3825,1509,170,536,"N",1.09014198457111
"247",1995,4,673,1278,214,29,144,517,916,131,53,610,3858,1299,139,562,"N",0.721454512155618
"248",1995,2,747,1403,260,22,109,566,992,176,60,596,3961,1357,118,460,"N",1.00555560187572
"249",1995,2,629,1275,240,35,119,475,849,120,53,642,3864,1323,142,503,"N",0.869097188706444
"250",1995,1,634,1303,191,31,140,468,1023,127,45,526,3885,1188,125,462,"Y",1.15573834128493
"251",1995,5,703,1398,270,34,120,471,916,105,57,815,3818,1450,210,533,"N",0.747784452844082
"252",1995,4,740,1329,249,42,128,502,800,105,40,689,3858,1391,146,603,"N",0.523786805214087
"253",1995,5,621,1268,265,24,118,400,901,120,49,586,3851,1286,128,416,"N",0.363849864227946
"254",1995,2,749,1365,280,34,122,625,851,50,30,651,3854,1286,159,535,"Y",1.4382973067382
"255",1995,2,657,1323,218,34,125,446,994,58,39,556,3873,1296,133,401,"N",0.814424302952887
"256",1995,4,730,1296,228,18,169,565,911,112,46,698,3819,1320,153,556,"N",1.11059623845988
"257",1995,2,615,1296,263,30,94,497,884,72,25,603,3871,1241,134,538,"N",0.899205470689631
"258",1995,5,629,1281,245,27,125,456,972,84,55,666,3826,1407,130,477,"N",0.540164169047809
"259",1995,3,668,1345,231,20,116,447,872,124,46,590,3854,1242,142,512,"Y",0.776383746677154
"260",1995,1,796,1377,276,20,182,549,871,110,41,644,3868,1343,149,591,"N",1.0735781344393
"261",1995,4,652,1256,229,33,152,472,1060,138,46,699,3881,1368,173,505,"N",1.07303271278097
"262",1995,4,563,1182,238,24,107,436,920,79,46,575,3797,1290,135,445,"Y",1.09181444619225
"263",1995,3,691,1304,247,24,138,526,877,90,47,665,3855,1385,152,514,"Y",1.01766873593945
"264",1995,5,642,1309,275,27,140,492,906,75,16,701,3878,1336,145,654,"N",1.48877099897216
"265",1996,1,773,1514,264,28,197,530,1032,83,43,575,4407,1372,120,451,"Y",1.45410858943187
"266",1996,2,949,1557,299,29,257,645,915,76,40,839,4406,1604,209,597,"Y",1.59431039331867
"267",1996,3,928,1631,308,31,209,642,1020,91,44,807,4374,1606,185,722,"N",1.24037450800487
"268",1996,4,762,1571,256,24,192,527,974,53,39,847,4317,1546,219,662,NA,0.84083367995197
"269",1996,2,898,1586,284,33,195,701,927,105,41,733,4383,1529,174,616,"N",1.32071862677263
"270",1996,4,772,1388,267,19,175,523,1090,108,50,705,4369,1447,184,546,"N",0.967903784762027
"271",1996,3,778,1398,259,36,191,604,1134,171,63,692,4329,1447,167,591,"N",1.2442610450305
"272",1996,1,952,1665,335,23,218,671,844,160,50,700,4357,1530,173,484,"Y",1.40755405879234
"273",1996,3,961,1607,297,37,221,527,1108,201,66,884,4268,1597,198,624,"N",1.17560541557898
"274",1996,5,783,1413,257,21,204,546,1268,87,50,1015,4298,1699,241,784,"N",0.685763093837924
"275",1996,3,688,1413,240,30,150,553,1122,99,46,634,4329,1386,113,598,"Y",0.907674954287354
"276",1996,2,753,1445,297,29,129,554,1057,180,63,702,4341,1541,154,539,"Y",0.833489771062418
"277",1996,5,746,1477,286,38,123,529,943,195,85,733,4350,1563,176,460,"N",0.593401004646318
"278",1996,2,703,1396,215,33,150,516,1190,124,40,564,4399,1378,125,534,"N",1.0344378437853
"279",1996,4,877,1633,332,47,118,576,958,143,53,844,4319,1561,233,581,"N",0.676371082867621
"280",1996,3,894,1578,304,40,178,624,986,101,48,826,4342,1570,213,635,"N",0.635789403067587
"281",1996,2,741,1441,297,27,148,492,1077,108,34,605,4324,1353,152,482,"N",0.475876518462621
"282",1996,1,871,1621,293,28,162,632,909,96,46,744,4320,1469,143,610,"Y",1.5855760279265
"283",1996,4,746,1515,267,47,147,445,1069,97,48,675,4320,1517,159,532,"N",0.716235926939392
"284",1996,3,861,1492,283,21,243,640,1114,58,35,841,4369,1638,205,644,"N",0.621540464305787
"285",1996,5,650,1405,249,39,132,536,1092,117,41,708,4270,1463,160,510,"N",1.00399426928498
"286",1996,5,776,1509,319,33,138,510,989,126,49,744,4360,1602,183,479,"N",0.673459852052838
"287",1996,1,771,1499,285,24,147,601,1014,109,55,616,4467,1395,138,506,"N",0.829427857981467
"288",1996,2,993,1625,343,19,245,670,1052,90,39,829,4295,1562,216,605,"Y",1.20921412703489
"289",1996,4,752,1400,245,21,153,615,1189,113,53,755,4327,1520,194,570,"Y",1.08680269373491
"290",1996,1,759,1468,281,31,142,495,1089,149,58,641,4357,1380,173,539,"N",1.17823412534103
"291",1996,1,928,1622,323,32,221,660,1041,83,26,749,4348,1569,168,582,"N",1.14230049617885
"292",1996,4,766,1451,302,35,177,529,1105,116,38,734,4337,1476,187,610,"N",0.864740385558352
"293",1997,2,829,1531,279,25,161,617,953,126,72,730,4364,1506,202,605,"N",0.773355922929879
"294",1997,1,791,1490,268,37,174,597,1160,108,58,518,4397,1319,111,450,"Y",1.29851532736969
"295",1997,1,812,1498,264,22,196,586,952,63,26,635,4383,1404,164,563,"N",1.45345490598421
"296",1997,4,851,1684,373,32,185,514,1044,68,48,782,4355,1569,149,611,"Y",1.08193051667634
"297",1997,2,779,1498,260,28,158,569,901,106,52,748,4267,1505,175,575,"N",1.43417035688334
"298",1997,5,687,1444,269,39,127,451,1003,116,60,705,4287,1451,185,590,"Y",1.04707185613346
"299",1997,3,651,1386,269,27,142,518,1113,190,67,710,4347,1408,173,558,"N",1.23615847456477
"300",1997,1,868,1589,301,22,220,617,955,118,59,749,4277,1528,181,575,"Y",1.41088334482251
"301",1997,3,923,1611,269,40,239,562,1060,137,65,836,4298,1697,196,566,"N",1.08195329350726
"302",1997,3,784,1415,268,32,176,578,1164,161,72,732,4337,1476,178,552,"N",0.429009186077053
"303",1997,2,740,1410,272,28,136,686,1074,115,58,615,4340,1353,131,639,"N",1.20944475411399
"304",1997,1,777,1427,314,40,133,633,1085,171,74,594,4377,1379,134,511,"Y",0.863818143167827
"305",1997,5,747,1478,256,35,158,561,1061,130,66,753,4329,1530,186,531,"N",0.860775436747352
"306",1997,2,742,1488,242,33,174,498,1079,131,64,587,4378,1325,163,546,"N",1.12717503954199
"307",1997,4,772,1522,305,40,132,495,1121,151,52,796,4302,1596,187,495,"N",0.846307057237748
"308",1997,3,681,1415,294,27,135,494,967,103,55,669,4282,1419,177,542,NA,0.587561214784482
"309",1997,4,691,1423,339,34,172,420,1084,75,46,665,4341,1365,149,557,"N",0.479269728459343
"310",1997,2,891,1636,325,23,161,676,954,99,58,626,4403,1463,144,532,"Y",1.54598162115726
"311",1997,3,777,1448,274,28,153,550,1029,97,74,640,4378,1452,160,504,"N",0.988579041775193
"312",1997,4,764,1451,274,23,197,642,1181,71,36,880,4336,1734,197,642,"N",0.596581584980992
"313",1997,5,668,1390,290,35,116,519,1032,92,56,765,4261,1441,171,616,"N",0.910489533894945
"314",1997,2,725,1440,291,52,129,481,1161,160,50,683,4308,1503,143,560,"N",0.267551186449922
"315",1997,4,795,1519,275,16,152,604,1129,140,60,802,4350,1581,172,596,"Y",0.92805456887274
"316",1997,1,925,1574,312,21,264,626,1110,89,40,769,4343,1500,192,598,"N",1.03180437498337
"317",1997,1,784,1415,266,37,172,642,1120,121,49,706,4338,1494,160,578,"N",0.884058424984182
"318",1997,4,689,1409,269,39,144,543,1191,164,60,627,4367,1422,124,536,"N",1.12907177579004
"319",1997,3,807,1547,311,27,187,500,1116,72,37,745,4289,1598,169,541,"Y",1.32758467387357
"320",1997,5,654,1333,275,41,147,487,1138,134,50,628,4328,1453,167,497,"N",1.16938865423654
"321",1998,2,787,1530,314,27,147,510,1028,93,45,720,4332,1481,164,630,"N",0.968823120528226
"322",1998,5,665,1353,235,46,159,489,1239,73,38,737,4297,1463,188,489,"Y",0.759151219198337
"323",1998,1,826,1489,297,26,215,548,1062,98,43,520,4316,1291,117,467,"Y",1.43597324320244
"324",1998,4,817,1520,303,11,214,593,903,86,48,754,4294,1505,169,535,"N",1.69811320267625
"325",1998,2,876,1568,338,35,205,541,1049,72,39,667,4308,1406,168,504,"Y",1.33202911392216
"326",1998,2,861,1516,291,38,198,551,916,127,46,835,4316,1569,211,580,"N",0.899683494233414
"327",1998,2,831,1494,250,34,212,601,1223,65,44,733,4432,1528,180,575,"N",1.19311619876975
"328",1998,4,750,1441,298,28,138,608,1107,95,42,711,4324,1400,170,573,"N",0.539903972475275
"329",1998,1,850,1530,334,30,198,630,1061,143,60,721,4380,1552,171,563,"Y",1.42691811130433
"330",1998,4,826,1640,333,36,183,469,949,67,47,794,4298,1583,174,562,"N",1.18482338640365
"331",1998,5,722,1494,306,29,165,455,1070,122,62,792,4339,1551,185,595,"N",0.564781095310476
"332",1998,5,667,1381,277,36,114,525,1120,115,57,834,4349,1617,182,715,"N",0.969801002676504
"333",1998,1,874,1578,326,28,166,621,1122,155,51,572,4414,1435,147,465,"Y",0.994474719829051
"334",1998,3,714,1459,274,40,134,475,984,135,50,822,4309,1590,196,568,"N",0.865125415577911
"335",1998,3,669,1374,209,27,159,447,1056,137,53,612,4342,1332,135,587,"N",1.14575578944764
"336",1998,5,707,1439,266,17,152,532,1039,81,59,746,4353,1538,188,550,"N",0.795948332784943
"337",1998,4,734,1499,285,32,115,506,915,112,54,764,4343,1622,180,457,"N",0.655430045264214
"338",1998,4,644,1348,280,32,147,439,1058,91,46,695,4281,1448,156,533,"N",0.249745191179989
"339",1998,1,965,1625,290,31,207,653,1025,153,63,619,4370,1357,156,466,"Y",1.56788927980558
"340",1998,2,706,1425,289,24,136,572,1049,62,46,609,4374,1381,152,532,"Y",1.22221771522119
"341",1998,4,804,1413,295,13,149,633,1122,131,47,766,4302,1555,179,529,"N",0.499959762036114
"342",1998,3,713,1482,286,36,126,508,1080,97,45,754,4389,1476,188,544,"N",0.851865439727073
"343",1998,6,650,1395,271,35,107,393,1060,159,51,629,4347,1433,147,530,"N",0.353560241049338
"344",1998,1,749,1390,292,30,167,604,1072,79,37,587,4364,1384,139,501,"N",1.09979178466204
"345",1998,3,859,1553,321,28,234,558,1081,115,39,781,4273,1530,196,528,"N",1.26936777204144
"346",1998,2,845,1540,292,26,161,678,1040,102,51,686,4431,1457,171,562,"N",0.998976868868643
"347",1998,3,810,1444,292,30,223,676,1179,133,41,703,4409,1513,151,558,"N",1.28310851002556
"348",1998,5,620,1450,267,43,111,473,1107,120,73,698,4329,1425,171,643,"N",0.640233878249316
"349",1998,1,940,1637,314,32,201,595,1045,82,47,794,4294,1624,164,519,"Y",1.32768958147136
"350",1998,3,816,1482,316,19,221,564,1132,184,81,697,4395,1443,169,587,"N",1.2057425120578
"351",1999,4,711,1404,248,22,158,511,1022,71,45,762,4294,1472,177,624,"N",1.11204190121492
"352",1999,1,908,1566,289,46,216,588,1045,137,39,615,4402,1387,176,543,"N",1.37938717214483
"353",1999,1,840,1481,309,23,197,608,962,148,66,593,4413,1398,142,507,"Y",1.46844986083958
"354",1999,4,851,1572,299,21,203,615,890,107,46,760,4305,1468,198,647,"N",1.61834383791638
"355",1999,2,836,1551,334,42,176,597,928,67,39,638,4310,1396,160,469,"N",1.27485500463032
"356",1999,2,777,1563,298,37,162,499,810,110,50,786,4315,1608,210,596,"Y",0.514379073485234
"357",1999,6,747,1411,255,35,189,571,1170,60,44,837,4292,1619,221,529,"N",1.25167582272795
"358",1999,2,865,1536,312,37,209,569,1125,164,54,647,4386,1309,190,636,"N",0.681878748484795
"359",1999,1,1009,1629,309,32,209,743,1099,147,50,788,4351,1503,197,634,"N",1.46520662247999
"360",1999,5,906,1644,305,39,223,508,863,70,43,955,4287,1700,237,737,"N",1.24350111052274
"361",1999,3,747,1433,289,34,212,458,1049,108,70,817,4263,1528,209,583,"N",0.732612044842532
"362",1999,5,691,1465,266,44,128,479,1145,92,46,781,4307,1560,171,655,"N",0.423328757394074
"363",1999,1,823,1463,293,23,168,728,1138,166,75,620,4376,1485,128,478,"N",1.10252195321499
"364",1999,4,856,1584,294,52,151,535,932,127,39,844,4262,1607,202,643,"N",0.526525808046459
"365",1999,3,793,1480,253,23,187,594,1030,167,68,718,4359,1438,192,594,"N",1.62349545877765
"366",1999,5,815,1524,299,30,165,658,1065,81,33,813,4328,1618,213,616,"N",0.870898682681618
"367",1999,5,686,1450,285,30,105,500,978,118,60,791,4270,1591,208,487,"N",0.426792082537563
"368",1999,4,718,1473,320,47,163,438,939,70,51,748,4303,1505,152,572,"N",0.359442956776196
"369",1999,1,900,1568,302,36,193,718,978,104,57,661,4319,1402,158,581,"Y",1.74138716712552
"370",1999,2,853,1553,297,14,181,717,994,150,61,691,4370,1372,167,617,"Y",1.30687002241123
"371",1999,2,893,1430,287,20,235,770,1129,70,37,750,4315,1537,160,569,"Y",0.490523950901092
"372",1999,3,841,1539,302,44,161,631,1081,125,35,787,4315,1494,212,627,"N",0.636298157159672
"373",1999,3,775,1417,282,40,171,573,1197,112,44,689,4300,1444,160,633,"N",0.495861145758305
"374",1999,4,710,1360,256,22,153,631,1169,174,67,705,4261,1454,193,529,"N",0.999208032906608
"375",1999,3,859,1499,263,21,244,610,1095,130,45,834,4301,1613,191,684,"Y",1.08668106539912
"376",1999,2,872,1507,307,18,188,696,1028,109,56,762,4369,1486,194,655,"Y",0.935500478089449
"377",1999,4,809,1461,274,27,194,613,1202,134,48,761,4336,1519,161,667,"Y",0.99940912661465
"378",1999,5,772,1531,272,29,145,544,1042,73,49,805,4299,1606,172,695,"N",0.780402598999651
"379",1999,1,945,1653,304,29,230,611,937,111,54,809,4309,1626,186,509,"N",1.54012424804435
"380",1999,3,883,1580,337,14,212,578,1077,119,48,787,4317,1582,191,575,"N",0.91239710787254
"381",2000,3,864,1574,309,34,236,608,1024,93,52,805,4344,1534,228,662,"N",0.926650550814696
"382",2000,3,792,1466,282,44,179,535,975,97,44,698,4331,1441,190,500,"Y",1.45896631496574
"383",2000,1,810,1490,274,26,179,595,1010,148,56,648,4321,1428,165,484,"Y",1.52216652596519
"384",2000,4,794,1508,310,22,184,558,900,126,65,855,4300,1547,202,665,"N",1.46652156062672
"385",2000,2,792,1503,316,32,167,611,1019,43,30,683,4358,1433,173,498,"N",1.40337358428692
"386",2000,1,978,1615,325,33,216,591,960,119,42,751,4351,1509,195,614,"N",0.560581791283814
"387",2000,6,764,1426,272,23,183,632,1120,93,37,849,4364,1505,231,658,"N",1.09005565504255
"388",2000,2,825,1545,302,36,200,559,995,100,38,700,4369,1446,190,659,"N",0.843878745674491
"389",2000,2,950,1639,310,30,221,685,1057,113,34,775,4327,1511,173,666,"Y",1.36628964077848
"390",2000,4,968,1664,320,53,161,601,907,131,61,835,4290,1568,221,588,"N",1.10035236506289
"391",2000,3,823,1553,307,41,177,562,982,83,38,755,4330,1583,177,496,"N",1.04910760712129
"392",2000,3,731,1441,274,29,160,540,1184,168,55,729,4289,1477,169,650,"N",0.357810119530151
"393",2000,4,938,1547,289,36,249,673,1129,114,52,865,4313,1596,234,598,"Y",0.923498537515357
"394",2000,4,879,1644,281,27,150,511,840,121,35,876,4318,1585,239,693,"N",0.421928569391607
"395",2000,2,798,1408,265,28,211,668,1083,95,42,659,4335,1379,176,600,"N",1.58314207343313
"396",2000,3,740,1366,297,25,177,620,1245,72,44,755,4399,1501,174,728,"N",0.657305634270227
"397",2000,5,748,1516,325,49,116,556,1021,90,45,819,4298,1634,212,516,"N",0.297445867027895
"398",2000,4,738,1475,310,35,178,476,1048,58,48,812,4274,1575,181,579,"N",0.59408747154527
"399",2000,1,871,1541,294,25,205,631,1007,99,48,753,4273,1458,177,577,"Y",1.66261895369395
"400",2000,2,807,1445,281,20,198,675,1037,66,46,670,4350,1398,164,574,"N",1.43163257117429
"401",2000,1,947,1501,281,23,239,750,1159,40,15,730,4306,1535,158,615,"Y",0.575667596732501
"402",2000,5,708,1386,304,40,144,611,1117,102,30,763,4316,1458,201,640,"N",0.851815677069866
"403",2000,5,793,1506,320,31,168,564,1032,86,40,795,4347,1554,163,711,"N",0.520876139610916
"404",2000,5,752,1413,279,37,157,602,1177,131,53,733,4378,1443,191,649,"N",0.987092822200201
"405",2000,2,907,1481,300,26,198,775,1073,122,56,720,4325,1442,167,634,"Y",1.06080833293674
"406",2000,1,925,1535,304,44,226,709,1032,79,39,675,4333,1452,151,623,"N",0.967589469824398
"407",2000,1,887,1481,259,25,235,675,1253,87,51,698,4301,1403,196,606,"Y",1.1065224469414
"408",2000,5,733,1414,253,22,162,558,1022,90,46,773,4294,1553,198,533,"N",1.13013276518797
"409",2000,4,848,1601,330,35,173,580,922,69,47,876,4287,1683,202,661,"N",1.27473313985795
"410",2000,3,861,1562,328,21,244,526,1026,89,34,821,4312,1615,195,560,"N",0.807347470433403
"411",2001,3,691,1447,275,26,158,494,1001,116,52,671,4313,1452,168,525,"Y",0.727332939084784
"412",2001,1,818,1494,284,35,208,587,1052,71,38,627,4379,1352,195,461,"Y",1.30185022235891
"413",2001,1,729,1432,263,24,174,493,1039,85,46,578,4342,1363,153,499,"Y",1.40671014840374
"414",2001,4,687,1359,262,24,136,514,989,133,53,744,4297,1504,194,528,"N",1.0343367913061
"415",2001,2,772,1493,316,29,198,520,1131,46,35,667,4344,1412,146,544,"N",1.68365214369674
"416",2001,3,798,1463,300,29,214,520,998,123,59,725,4300,1465,181,500,"N",1.00456309706041
"417",2001,3,777,1409,268,32,194,577,1077,67,36,643,4311,1357,164,550,"N",0.99021335133229
"418",2001,5,735,1464,304,22,176,468,1172,103,54,765,4328,1572,198,515,"N",0.749532053900373
"419",2001,1,897,1559,294,37,212,577,1076,79,41,746,4340,1512,148,573,"N",1.42531357192789
"420",2001,5,923,1663,324,61,213,511,1027,132,54,841,4290,1522,239,598,"N",1.09464996145414
"421",2001,4,724,1439,291,60,139,466,972,133,61,795,4288,1624,180,553,"N",0.817317792083357
"422",2001,4,742,1461,325,30,166,470,1145,89,40,691,4314,1397,151,617,"N",0.54720001791557
"423",2001,1,847,1500,313,29,208,581,1119,64,49,707,4364,1453,221,486,"N",0.927431037212456
"424",2001,5,729,1503,277,37,152,406,898,100,42,779,4320,1537,209,576,"N",0.541997696878413
"425",2001,3,758,1399,264,27,206,519,1062,89,42,685,4352,1387,184,524,"N",1.669424101679
"426",2001,4,740,1378,273,30,209,488,1399,66,36,740,4309,1452,197,667,"N",0.671509984029573
"427",2001,2,771,1514,328,38,164,495,1083,146,67,722,4324,1494,192,445,"Y",0.369211784195811
"428",2001,5,670,1361,320,28,131,478,1071,101,51,745,4294,1509,190,525,"N",0.537973548546731
"429",2001,1,804,1488,289,20,203,519,1035,161,53,649,4354,1429,158,465,"Y",1.71809931244427
"430",2001,3,642,1361,273,18,147,545,1062,66,48,654,4337,1418,186,438,"N",1.42565672620407
"431",2001,2,884,1469,334,22,199,640,1021,68,29,583,4390,1384,153,440,"Y",0.51733640002066
"432",2001,2,746,1431,295,29,164,551,1125,153,47,667,4336,1417,170,527,"N",0.637495985013109
"433",2001,6,657,1333,256,25,161,467,1106,93,73,794,4249,1493,167,549,"N",0.883795284233994
"434",2001,4,789,1379,273,26,161,678,1273,129,44,724,4322,1519,219,476,"N",0.599534342386096
"435",2001,1,927,1637,310,38,169,614,989,174,42,576,4395,1293,160,465,"N",1.14329931362366
"436",2001,2,799,1493,304,40,235,625,1090,57,42,680,4390,1437,145,579,"Y",0.968246305937791
"437",2001,2,814,1469,274,32,199,529,1089,91,35,627,4306,1389,196,526,"Y",1.20171065290902
"438",2001,5,672,1426,311,21,121,456,1116,115,52,781,4271,1513,207,569,"N",0.871847802050448
"439",2001,4,890,1566,326,23,246,548,1093,97,32,913,4315,1670,222,596,"N",1.35617624013756
"440",2001,3,767,1489,287,36,195,470,1094,156,55,696,4388,1553,165,490,"N",1.17658139197303
"441",2002,2,851,1603,333,32,152,462,805,117,51,595,4357,1345,169,509,"N",0.91481180432772
"442",2002,1,819,1471,283,41,165,643,1016,92,46,630,4340,1361,170,421,"N",1.52395347335911
"443",2002,1,708,1428,280,25,164,558,1028,76,39,511,4402,1302,123,554,"Y",1.37648433902227
"444",2002,4,667,1353,311,27,165,452,993,110,48,719,4352,1491,208,549,"N",0.896608252537078
"445",2002,2,859,1560,348,33,177,545,944,80,28,603,4338,1339,146,430,"Y",1.60615478639755
"446",2002,2,856,1475,289,29,217,555,952,75,31,716,4269,1422,190,528,"N",0.845612369781556
"447",2002,5,706,1351,259,29,200,585,1269,63,21,687,4324,1373,167,606,"Y",1.12185672995187
"448",2002,3,709,1386,297,21,169,583,1188,116,52,690,4361,1502,173,550,"N",0.66771736028399
"449",2002,3,739,1349,255,26,192,542,1000,52,37,777,4274,1508,142,603,"N",1.16956166168027
"450",2002,4,778,1508,283,41,152,497,1043,103,53,825,4280,1554,225,582,"N",0.842621525836993
"451",2002,5,575,1340,265,37,124,363,1035,65,44,773,4242,1593,163,463,"N",0.815897603748005
"452",2002,4,699,1433,280,32,146,595,1130,177,73,706,4369,1449,151,631,"Y",0.622208139911353
"453",2002,2,749,1441,291,32,167,589,1120,71,27,642,4335,1423,151,546,"N",0.9404049446284
"454",2002,4,737,1415,285,42,140,524,921,140,65,834,4323,1587,212,572,"N",0.700422777581737
"455",2002,3,713,1464,286,29,155,428,940,96,37,598,4373,1311,165,555,"N",1.40583972652802
"456",2002,6,627,1369,269,29,139,500,1125,94,50,752,4297,1468,199,666,"N",0.745344471050353
"457",2002,1,768,1518,348,36,167,472,1089,79,62,662,4334,1454,184,439,"Y",0.599161833881578
"458",2002,2,735,1432,300,36,162,575,1104,118,64,641,4359,1475,165,508,"N",0.573157395104949
"459",2002,1,897,1540,314,12,223,640,1171,100,38,625,4356,1441,144,403,"Y",1.86645889247714
"460",2002,5,690,1409,238,22,160,486,1044,87,42,624,4328,1408,163,543,"N",1.40261811078993
"461",2002,1,800,1450,279,28,205,609,1008,46,20,593,4356,1391,135,474,"Y",0.592924429502162
"462",2002,3,710,1428,325,41,165,640,1095,104,43,671,4349,1381,153,570,"N",0.858983883325789
"463",2002,4,641,1300,263,20,142,537,1109,86,49,664,4238,1447,163,572,"N",0.627302045598232
"464",2002,5,662,1393,243,29,136,547,1062,71,44,737,4309,1522,177,582,"N",0.613983400582421
"465",2002,3,814,1531,285,31,152,629,1003,137,58,654,4336,1422,178,441,"N",1.18991491868363
"466",2002,2,783,1465,300,35,198,616,961,74,21,566,4312,1349,116,523,"Y",1.1605262271175
"467",2002,1,787,1475,285,26,175,542,927,86,42,595,4339,1355,141,547,"N",1.1065911387558
"468",2002,5,673,1418,297,35,133,456,1115,102,45,846,4321,1567,215,620,"N",0.509565463174982
"469",2002,4,843,1510,304,27,230,554,1055,62,34,824,4319,1528,194,669,"N",1.5640624559043
"470",2002,3,813,1457,305,38,187,522,1142,71,18,767,4315,1504,177,590,"N",1.13924983847531
"471",2003,3,736,1473,276,33,150,476,838,129,61,680,4294,1444,190,486,"Y",1.11403101093946
"472",2003,3,717,1467,303,47,152,531,1006,76,38,621,4365,1379,150,526,"N",1.13694171792357
"473",2003,1,907,1608,321,31,235,545,933,68,22,663,4369,1425,147,555,"Y",1.49761158086068
"474",2003,4,743,1516,277,24,152,431,902,89,36,767,4349,1579,198,526,"N",1.04137783163146
"475",2003,2,961,1667,371,40,238,620,943,88,35,729,4394,1503,153,488,"Y",1.40884666439923
"476",2003,2,791,1445,303,19,220,519,916,77,29,663,4293,1364,162,518,"N",0.719037368502194
"477",2003,1,724,1431,302,24,172,492,1158,73,31,619,4369,1304,143,617,"N",1.12582466157571
"478",2003,5,694,1349,239,21,182,524,1326,80,34,818,4339,1578,209,590,"N",0.836677957368605
"479",2003,4,699,1413,296,26,158,466,1062,86,61,682,4378,1477,179,501,"N",0.684852209144794
"480",2003,4,853,1472,330,31,198,619,1134,63,37,821,4260,1629,200,552,"N",0.946965124025362
"481",2003,5,591,1312,201,39,153,443,1099,98,63,847,4316,1616,195,557,"N",0.693072521750948
"482",2003,2,751,1459,292,44,157,515,978,150,74,648,4336,1415,128,530,"N",0.697047596009283
"483",2003,2,805,1466,308,30,191,557,1021,66,30,622,4350,1350,161,565,"Y",1.00138040890798
"484",2003,3,836,1526,288,39,162,476,926,120,42,808,4316,1569,190,566,"N",0.571142052479355
"485",2003,2,574,1328,260,25,124,407,985,80,36,511,4373,1254,127,526,"Y",1.48815249697475
"486",2003,6,714,1423,266,24,196,547,1221,99,39,810,4356,1590,219,575,"N",0.572678517352257
"487",2003,1,801,1567,318,45,155,512,1027,94,44,716,4386,1526,187,402,"Y",0.782398924499398
"488",2003,4,711,1404,294,25,144,522,990,100,39,640,4313,1467,181,463,"N",0.732266472017962
"489",2003,1,877,1518,304,14,230,684,1042,98,33,653,4386,1512,145,375,"Y",2.15316260140678
"490",2003,5,642,1317,262,24,124,489,1035,70,31,704,4240,1497,168,576,"N",1.64749107916278
"491",2003,1,768,1398,317,24,176,556,898,48,14,582,4325,1336,140,499,"N",0.708477118566666
"492",2003,3,791,1448,325,27,166,651,1155,72,29,648,4331,1386,142,536,"N",0.997715446825824
"493",2003,4,753,1492,275,45,163,529,1049,86,37,744,4333,1527,178,502,"N",0.772636438137098
"494",2003,5,678,1442,257,32,128,565,1073,76,39,774,4294,1458,208,611,"N",0.637280522054189
"495",2003,2,795,1509,290,33,139,586,989,108,37,602,4323,1340,173,466,"N",1.22577711442507
"496",2003,1,755,1440,281,29,180,593,980,53,37,595,4312,1349,136,546,"N",1.16788480953508
"497",2003,3,876,1580,342,32,196,580,952,82,32,748,4391,1544,210,508,"Y",1.1810575149228
"498",2003,5,715,1501,298,38,137,420,1030,142,42,787,4310,1454,196,639,"N",0.276704637202472
"499",2003,4,826,1506,274,36,239,488,1052,65,25,903,4300,1625,208,603,"N",1.4588193668219
"500",2003,3,894,1580,357,33,190,546,1081,37,25,748,4305,1560,184,485,"N",0.722688234576338
"501",2004,1,836,1603,272,37,162,450,942,143,46,692,4363,1476,170,502,NA,1.45655556860627
"502",2004,5,615,1401,295,38,135,441,1022,53,32,794,4308,1480,197,668,"N",1.01098997019627
"503",2004,1,803,1503,304,37,178,587,1158,86,32,603,4350,1475,154,523,"Y",1.3065724141289
"504",2004,3,842,1614,319,18,169,528,949,101,41,760,4366,1488,159,687,"N",0.747923630673246
"505",2004,2,949,1613,373,25,222,659,1189,68,30,674,4354,1430,159,447,"Y",1.84431246039961
"506",2004,2,865,1481,284,19,242,499,1030,78,51,782,4297,1505,224,527,"Y",0.944804741012732
"507",2004,3,789,1508,308,29,235,489,1080,66,28,621,4396,1363,169,545,"N",1.31204166909892
"508",2004,4,750,1380,287,28,194,599,1335,77,25,832,4331,1595,236,572,"N",0.675366060241423
"509",2004,3,858,1565,345,29,184,606,1009,94,55,784,4400,1553,201,579,"N",0.49722119759614
"510",2004,4,833,1531,331,34,202,568,1181,44,33,883,4306,1634,198,697,"N",0.948175642062028
"511",2004,4,827,1531,284,54,201,518,1144,86,50,788,4319,1542,190,530,"N",0.678506354320234
"512",2004,3,718,1447,275,32,148,499,968,96,43,655,4317,1395,166,513,"N",0.610572296450814
"513",2004,2,803,1458,294,36,187,590,999,89,30,650,4329,1416,174,525,"Y",1.09235872046214
"514",2004,5,720,1432,261,29,150,461,1057,67,48,813,4261,1638,208,518,"N",0.689763602298258
"515",2004,1,761,1450,226,30,203,536,1092,102,41,647,4360,1386,178,521,"N",1.34597279654007
"516",2004,6,634,1358,295,32,135,540,1312,138,40,679,4326,1440,164,476,"N",0.398835458124884
"517",2004,1,780,1494,310,24,191,513,982,116,46,661,4428,1523,167,431,"N",0.776344443889856
"518",2004,5,635,1361,276,27,151,496,925,109,38,696,4341,1477,191,582,NA,0.592526768573022
"519",2004,1,897,1483,281,20,242,670,982,84,33,752,4331,1532,182,445,"Y",2.66861901055568
"520",2004,4,684,1376,289,20,185,512,1159,107,23,658,4347,1452,156,592,"N",1.40043308762721
"521",2004,2,793,1545,336,15,189,608,1061,47,22,682,4414,1466,164,544,"N",0.860964568440773
"522",2004,2,840,1505,303,23,215,645,1133,100,27,724,4388,1488,214,502,"N",1.34622149913826
"523",2004,5,680,1428,267,39,142,415,1066,63,40,680,4284,1451,149,576,"N",0.466921220812294
"524",2004,3,768,1521,304,32,139,566,910,52,25,645,4323,1460,184,422,"Y",0.802420591122843
"525",2004,4,698,1544,276,20,136,492,1058,110,42,772,4378,1498,212,575,"N",1.18100895427728
"526",2004,2,850,1500,314,33,183,705,874,43,23,695,4371,1481,161,548,"N",1.18830127491984
"527",2004,1,855,1544,319,24,214,548,1085,111,47,605,4361,1378,169,440,"Y",1.20581979842801
"528",2004,4,714,1416,278,46,145,469,944,132,42,757,4251,1459,192,580,"N",0.428219729501776
"529",2004,3,860,1492,323,34,227,500,1099,69,36,724,4319,1536,182,547,"N",0.797575541135947
"530",2004,5,719,1438,290,34,145,513,1083,58,31,775,4263,1505,181,608,"N",0.724650929365288
"531",2005,2,696,1419,291,27,191,606,1094,67,26,783,4369,1580,193,537,"N",0.85432609939184
"532",2005,1,769,1453,308,37,184,534,1084,92,32,639,4331,1487,145,520,"N",1.1850428029408
"533",2005,4,729,1492,296,27,189,447,902,83,37,724,4283,1458,180,580,"N",1.0131203071294
"534",2005,2,910,1579,339,21,199,653,1044,45,12,752,4287,1550,164,440,"N",1.69284555638289
"535",2005,1,741,1450,253,23,200,435,1002,137,67,592,4427,1392,167,459,"N",1.03044098969782
"536",2005,4,703,1506,323,23,194,419,920,65,39,671,4320,1357,186,576,"N",1.1929327943923
"537",2005,5,820,1453,335,15,222,611,1303,72,23,820,4299,1657,219,492,"N",0.848341994752115
"538",2005,2,790,1522,337,30,207,503,1093,62,36,582,4358,1363,157,413,"N",0.568861597474445
"539",2005,5,740,1477,280,34,150,509,1103,65,32,808,4256,1600,175,604,"N",0.655713992207215
"540",2005,4,723,1521,283,45,168,384,1038,66,28,719,4307,1504,193,461,"Y",0.94702211897366
"541",2005,3,717,1499,306,32,128,512,918,96,38,666,4327,1459,116,563,"N",0.828004718048516
"542",2005,2,693,1400,281,32,161,481,1037,115,44,563,4329,1336,155,440,"N",1.05238538865105
"543",2005,5,701,1445,289,34,126,424,1008,53,33,862,4240,1640,178,580,"N",0.505516163519185
"544",2005,1,761,1520,278,30,147,447,848,161,57,598,4393,1419,158,443,"N",1.30032313166294
"545",2005,4,685,1374,284,21,149,541,1094,58,35,695,4282,1434,182,471,"Y",1.13818922215964
"546",2005,3,726,1413,327,19,175,531,1162,79,34,635,4314,1382,169,569,"N",0.54737408337462
"547",2005,3,688,1441,269,32,134,485,978,102,44,604,4393,1458,169,348,"Y",0.770123672446218
"548",2005,1,886,1552,259,16,229,637,989,84,27,718,4292,1495,164,463,"Y",2.8551954384299
"549",2005,3,722,1421,279,32,175,486,1075,153,40,599,4307,1390,135,491,"Y",1.38856674097994
"550",2005,2,772,1476,310,20,155,537,819,31,22,594,4351,1315,154,504,"Y",0.759703331427224
"551",2005,2,807,1494,282,35,167,639,1083,116,27,672,4305,1379,189,487,"N",1.30928974191805
"552",2005,6,680,1445,292,38,139,471,1092,73,30,706,4308,1456,162,612,"N",0.522676930220902
"553",2005,1,684,1416,269,39,130,600,977,99,44,668,4366,1452,146,503,"Y",0.867507363794188
"554",2005,4,699,1408,289,34,130,466,986,102,47,712,4283,1483,179,496,"N",1.20282080897647
"555",2005,3,649,1427,299,26,128,431,901,71,35,695,4333,1456,151,592,"N",1.23633592341175
"556",2005,1,805,1494,287,26,170,534,947,83,36,560,4337,1399,153,443,"Y",1.26247913158706
"557",2005,5,750,1519,289,40,157,412,990,151,49,851,4265,1570,194,615,"N",0.406801553284045
"558",2005,3,865,1528,311,29,260,495,1112,67,15,794,4320,1589,159,522,"N",0.76550452038673
"559",2005,3,775,1480,307,39,136,486,955,72,35,653,4341,1475,185,444,"N",0.626662678290052
"560",2005,5,639,1367,311,32,117,491,1090,45,45,627,4374,1456,140,539,"N",0.665891204089024
"561",2006,4,773,1506,331,38,160,504,965,76,30,727,4379,1503,168,536,"Y",0.771289209654287
"562",2006,3,849,1510,312,26,222,526,1169,52,35,736,4324,1529,183,572,"N",1.16508213803325
"563",2006,4,768,1556,288,20,164,474,878,121,32,843,4257,1579,216,613,"N",0.938011262357268
"564",2006,3,820,1510,327,16,192,672,1056,51,23,773,4324,1570,181,509,"Y",1.55202981659809
"565",2006,3,868,1586,291,20,236,502,1056,93,48,743,4347,1534,200,433,"N",1.32782957999457
"566",2006,6,716,1496,271,46,166,395,928,121,49,758,4317,1396,210,687,"Y",1.22023191195798
"567",2006,3,749,1419,291,12,217,614,1192,124,33,725,4337,1576,213,464,"N",0.787123464915718
"568",2006,4,870,1576,351,27,196,556,1204,55,23,698,4270,1583,166,429,"Y",0.724085646193086
"569",2006,4,813,1504,325,54,157,561,1108,85,50,749,4342,1549,155,553,"Y",0.532847120806681
"570",2006,2,822,1548,294,40,203,430,1133,60,40,618,4344,1420,160,489,"N",1.06759216621852
"571",2006,4,758,1454,309,42,182,497,1249,110,58,696,4300,1465,166,622,"N",0.189597325756438
"572",2006,2,735,1407,275,27,174,585,1076,79,36,666,4406,1425,182,480,"N",1.14618325907223
"573",2006,5,757,1515,335,37,124,474,1040,65,34,896,4279,1648,213,637,"N",0.611172403934498
"574",2006,2,766,1539,309,29,159,486,914,148,57,652,4358,1410,158,471,"Y",1.33715124497633
"575",2006,2,820,1552,307,58,153,601,959,128,49,686,4381,1524,152,492,"N",1.27221643209242
"576",2006,4,730,1400,301,20,180,502,1233,71,37,763,4277,1454,177,514,"N",0.743945880452313
"577",2006,1,801,1608,275,34,143,490,872,101,42,632,4318,1490,182,356,"N",0.819255918020592
"578",2006,1,930,1608,327,21,210,649,1053,139,35,708,4331,1463,170,496,"Y",2.51559821435533
"579",2006,1,834,1469,323,41,200,547,1071,146,35,673,4384,1402,180,527,"N",1.3063039674872
"580",2006,1,771,1429,266,22,175,650,976,61,20,679,4355,1525,162,529,"N",0.804356836400281
"581",2006,2,865,1518,294,41,216,626,1203,92,25,747,4381,1561,211,512,"Y",1.14074142878421
"582",2006,5,691,1462,286,17,141,459,1200,68,23,720,4305,1545,156,620,"N",0.603725622148917
"583",2006,1,731,1465,298,38,161,564,1104,123,31,629,4391,1385,176,468,"N",0.903256068861053
"584",2006,4,756,1540,266,42,172,404,974,106,37,739,4340,1500,183,560,"N",1.13669012103622
"585",2006,3,746,1418,297,52,163,494,891,58,25,735,4289,1422,153,584,"N",1.16378394912594
"586",2006,1,781,1484,292,27,184,531,922,59,32,721,4289,1475,193,504,"N",1.14872822986221
"587",2006,5,689,1395,267,33,190,441,1106,134,52,782,4261,1600,180,606,"N",0.451239011965481
"588",2006,3,835,1571,357,23,183,505,1061,53,24,731,4294,1558,162,496,"N",0.881707518327363
"589",2006,2,809,1591,348,27,199,514,906,65,33,694,4285,1447,185,504,"N",0.922237886556126
"590",2006,5,746,1437,322,22,164,594,1156,123,62,803,4309,1535,193,584,"N",0.815986364055398
"591",2007,1,712,1350,286,40,171,532,1111,109,24,662,4323,1446,169,546,"N",0.630691373926637
"592",2007,3,810,1562,328,27,176,534,1149,64,30,665,4369,1442,172,537,"N",1.05734914789283
"593",2007,4,756,1529,306,30,142,500,939,144,42,827,4316,1491,161,696,"N",1.12862141943218
"594",2007,1,867,1561,352,35,166,689,1042,96,24,618,4316,1350,151,482,"Y",1.73246880917309
"595",2007,4,693,1341,249,20,190,532,1149,78,45,763,4322,1556,174,499,"Y",1.3163360466786
"596",2007,1,752,1530,340,28,151,500,1054,86,33,650,4340,1340,165,573,"Y",1.20730135099519
"597",2007,5,783,1496,293,23,204,536,1113,97,31,796,4349,1605,198,482,"N",0.830039383544124
"598",2007,1,811,1504,305,27,178,590,1202,72,41,658,4388,1519,146,410,"N",0.747044953852334
"599",2007,2,860,1591,313,36,171,622,1152,100,31,706,4416,1497,164,504,"N",0.654595715695327
"600",2007,2,887,1652,352,50,177,474,1054,103,30,735,4342,1498,174,566,"N",1.14831175207224
"601",2007,5,790,1504,340,38,201,521,1332,105,34,793,4331,1617,176,661,"N",0.36952964413533
"602",2007,4,723,1457,293,30,167,547,1043,65,33,761,4394,1566,206,510,"N",1.06302002949069
"603",2007,5,706,1447,300,46,102,428,1069,78,44,716,4312,1547,168,520,"N",0.812978541338344
"604",2007,1,822,1578,324,23,123,507,883,139,55,674,4305,1480,151,477,"Y",1.32335549889535
"605",2007,4,735,1544,276,35,129,511,864,137,50,677,4350,1443,146,518,"Y",1.31370379449263
"606",2007,2,801,1455,310,37,231,501,1137,96,32,708,4333,1513,161,507,"Y",0.859855642423463
"607",2007,3,718,1460,273,36,118,512,839,112,30,663,4310,1505,185,420,"N",0.865342806969085
"608",2007,2,968,1656,326,32,201,637,991,123,40,724,4352,1498,150,578,"N",2.29248459528116
"609",2007,2,804,1543,294,27,177,549,981,200,46,687,4357,1415,165,570,"N",1.39579491334816
"610",2007,3,741,1430,295,16,171,664,1119,52,20,689,4344,1468,138,530,"N",0.961367459740717
"611",2007,1,892,1558,326,41,213,641,1205,138,19,767,4375,1555,198,558,"Y",1.08323911645027
"612",2007,6,724,1463,322,31,148,463,1135,68,30,793,4343,1627,174,518,"N",0.466806690734479
"613",2007,3,741,1408,322,31,171,557,1229,55,24,611,4454,1406,119,474,"N",0.703890161078186
"614",2007,2,794,1629,284,22,153,389,861,81,30,754,4303,1578,147,546,"N",1.28955432303539
"615",2007,5,683,1407,267,37,131,532,907,119,33,677,4361,1442,133,593,"N",1.09281855501706
"616",2007,3,725,1513,279,13,141,506,909,56,33,741,4307,1514,168,509,"N",1.09363941302978
"617",2007,5,782,1500,291,36,187,545,1324,131,48,879,4289,1649,199,568,"Y",0.292206653236917
"618",2007,4,816,1460,298,36,179,503,1224,88,25,755,4290,1525,155,668,"N",0.827540422216122
"619",2007,3,753,1434,344,24,165,533,1044,57,22,644,4346,1383,157,479,"N",0.99256871286762
"620",2007,4,673,1415,309,31,123,524,1128,69,23,736,4340,1502,187,580,"N",0.447543072956701
"621",2008,2,720,1355,318,47,159,587,1287,58,23,635,4304,1403,147,451,"N",0.739734043431046
"622",2008,4,753,1514,316,33,130,618,1023,58,27,714,4322,1439,156,586,"N",1.14381085466968
"623",2008,5,782,1486,322,30,172,533,990,81,37,810,4266,1538,184,687,"N",0.750835566327966
"624",2008,2,845,1565,353,33,173,646,1068,120,35,645,4339,1369,147,548,"Y",1.49046990618691
"625",2008,1,811,1458,296,13,235,540,1016,67,34,658,4373,1471,156,460,"N",1.3541420264032
"626",2008,1,855,1552,329,21,184,636,1186,87,34,624,4352,1329,160,548,"N",1.32236941544487
"627",2008,5,704,1351,269,24,187,560,1125,85,47,729,4327,1542,201,557,"N",0.828174262893324
"628",2008,3,805,1455,339,22,171,560,1213,77,29,711,4311,1530,170,444,"N",0.882393552581298
"629",2008,3,747,1462,310,28,160,570,1209,141,37,766,4338,1547,148,562,"Y",0.76714093855823
"630",2008,5,821,1529,293,41,200,572,1076,63,31,786,4335,1541,172,644,"N",1.5384630580946
"631",2008,3,770,1397,302,28,208,543,1371,76,28,707,4306,1421,161,586,"N",0.243716739101206
"632",2008,3,712,1432,284,22,167,449,1051,114,52,691,4276,1453,197,492,"N",0.993688215253431
"633",2008,4,691,1507,303,28,120,392,1005,79,38,720,4337,1473,159,515,"N",0.650821966729444
"634",2008,1,765,1486,274,25,159,481,987,129,48,644,4354,1455,160,457,"Y",1.3320961844148
"635",2008,1,700,1455,271,29,137,543,1032,126,43,591,4342,1381,123,480,"Y",1.32508132355436
"636",2008,2,750,1398,324,35,198,550,1203,108,38,623,4367,1415,175,528,"N",0.904377201351906
"637",2008,2,829,1572,298,49,111,529,979,102,42,675,4377,1568,183,406,"Y",0.636153775647342
"638",2008,3,789,1512,289,20,180,535,1015,118,39,685,4325,1478,143,489,"Y",2.32299142583919
"639",2008,2,799,1491,274,38,172,619,1024,138,36,662,4393,1415,163,590,"N",1.53967183680473
"640",2008,3,646,1318,270,23,125,574,1226,88,21,640,4305,1364,135,576,"N",0.535973753881056
"641",2008,1,799,1407,291,36,214,586,1117,136,25,625,4349,1444,160,533,"Y",1.09368751242314
"642",2008,6,735,1454,314,21,153,474,1039,57,19,822,4365,1631,176,657,"N",0.544048558801793
"643",2008,5,637,1390,264,27,154,518,1259,36,17,714,4375,1466,165,561,"N",0.823256920260909
"644",2008,4,671,1498,285,20,124,417,890,90,32,754,4306,1544,161,626,"N",1.31477850191645
"645",2008,4,640,1452,311,37,94,452,1044,108,46,701,4326,1416,147,652,"N",0.85584951851488
"646",2008,4,779,1585,283,26,174,577,985,73,32,677,4362,1517,163,496,"Y",1.11318092955709
"647",2008,1,774,1443,284,37,180,626,1224,142,50,618,4373,1349,166,526,"N",0.489641382129064
"648",2008,2,901,1619,376,35,194,595,1207,81,25,860,4326,1647,176,625,"N",0.756602126844911
"649",2008,4,714,1453,303,32,126,521,938,80,27,561,4340,1330,134,467,"N",1.09272679146273
"650",2008,5,641,1376,269,26,117,534,1095,81,43,742,4302,1496,190,588,"N",0.614121710920449
"651",2009,5,720,1408,307,45,173,571,1298,102,40,711,4343,1470,168,525,"N",0.823149983071024
"652",2009,3,735,1459,300,20,149,602,1064,58,26,581,4388,1399,119,530,"Y",1.08896145328725
"653",2009,5,741,1508,307,19,160,517,1013,76,37,817,4287,1633,218,546,"N",0.755443234722604
"654",2009,2,872,1495,335,25,212,659,1120,126,39,695,4310,1494,167,530,"N",1.36613618513147
"655",2009,3,724,1410,246,20,184,534,1022,113,49,663,4319,1438,169,507,"N",1.08155732519292
"656",2009,2,707,1398,293,29,161,592,1185,56,34,616,4336,1329,160,586,"N",1.51770519423049
"657",2009,4,673,1349,280,25,158,531,1129,96,40,677,4375,1420,188,577,"Y",0.828135491916738
"658",2009,4,773,1468,314,28,161,582,1211,84,31,806,4302,1570,183,598,"N",0.91843366525374
"659",2009,2,804,1408,300,50,190,660,1277,106,55,675,4315,1427,141,528,"N",0.846627067267965
"660",2009,2,743,1443,245,35,183,540,1114,72,33,690,4341,1449,182,594,"N",1.29565030780785
"661",2009,2,772,1493,296,25,159,568,1226,75,35,690,4339,1425,160,601,"N",0.41468413180341
"662",2009,5,643,1415,270,32,142,448,990,113,44,722,4290,1521,176,546,"N",1.15955309003786
"663",2009,4,686,1432,276,51,144,457,1091,88,29,765,4278,1486,166,600,"N",0.793919975578556
"664",2009,1,883,1604,293,33,173,547,1054,148,63,715,4335,1513,180,523,"N",1.28015740737454
"665",2009,1,780,1511,278,39,145,607,1068,116,48,558,4420,1265,127,584,"N",1.13048645012525
"666",2009,3,785,1447,281,37,182,610,1231,68,37,770,4305,1498,207,607,"N",0.902709758041352
"667",2009,1,817,1539,271,40,172,585,1021,85,32,726,4359,1542,185,466,"Y",0.735151474958188
"668",2009,1,915,1604,325,21,244,663,1014,111,28,687,4350,1386,181,574,"Y",2.26795303369077
"669",2009,4,671,1472,295,49,95,526,928,122,44,705,4278,1452,158,616,"N",1.68168056993834
"670",2009,4,759,1464,307,21,135,527,1046,133,48,685,4342,1486,156,523,"N",0.696994477926619
"671",2009,1,820,1439,312,35,224,589,1155,119,28,673,4367,1479,189,489,"Y",1.27222090204112
"672",2009,6,636,1364,289,34,125,499,1142,90,32,723,4255,1491,152,563,"N",0.548194994567612
"673",2009,4,638,1315,265,31,141,586,1182,82,29,704,4352,1422,167,603,"N",0.487858982525097
"674",2009,3,640,1430,280,19,160,421,1093,89,33,625,4358,1359,172,534,"N",1.11348178882148
"675",2009,3,657,1411,275,43,122,392,1158,78,28,571,4338,1268,140,584,"Y",0.934727461990802
"676",2009,1,730,1436,294,29,160,528,1041,75,31,586,4322,1407,123,460,"N",0.99666955601081
"677",2009,3,803,1434,297,36,199,642,1229,194,61,686,4282,1421,183,515,"Y",0.712790099802622
"678",2009,2,784,1436,296,27,224,472,1253,149,36,698,4304,1432,171,531,"Y",0.767569790303254
"679",2009,4,798,1516,339,13,209,548,1028,73,23,720,4353,1509,181,551,"N",0.906715399153569
"680",2009,5,710,1416,271,38,156,617,1208,73,40,791,4273,1533,173,629,"N",0.674680747426691
"681",2010,5,713,1366,301,34,180,589,1529,86,41,765,4296,1503,210,548,"Y",0.669351012127167
"682",2010,2,738,1411,312,25,139,634,1140,63,29,569,4318,1326,126,505,"N",0.930678082150668
"683",2010,5,613,1440,264,21,133,424,1056,76,34,733,4309,1508,186,520,"N",0.899688068266561
"684",2010,3,818,1511,358,22,211,587,1140,68,17,679,4370,1402,152,580,"N",1.79080321301057
"685",2010,2,752,1467,263,21,177,467,922,160,74,658,4339,1471,136,490,"N",1.16335220516674
"686",2010,5,685,1414,298,27,149,479,1236,55,31,668,4310,1409,154,605,"N",1.61620300812366
"687",2010,1,790,1515,293,30,188,522,1218,93,43,648,4359,1404,158,524,"N",0.791092088807593
"688",2010,4,646,1362,290,20,128,545,1184,91,33,684,4299,1477,147,572,"N",0.674706422922865
"689",2010,3,770,1452,270,54,173,585,1274,99,42,663,4326,1405,139,525,"N",0.92851005576214
"690",2010,3,751,1515,308,32,152,546,1147,69,30,690,4333,1445,142,537,"Y",1.35445072421541
"691",2010,3,719,1403,294,37,152,514,1375,92,26,652,4315,1433,134,549,"N",0.628689939909877
"692",2010,4,611,1348,252,25,108,415,1025,100,36,654,4318,1446,140,548,"N",1.01811782985195
"693",2010,5,676,1534,279,31,121,471,905,115,50,794,4310,1553,176,551,"N",0.78716392034392
"694",2010,3,681,1363,276,19,155,466,1070,104,52,651,4348,1422,148,565,"N",1.15711120035938
"695",2010,4,667,1368,270,29,120,533,1184,92,50,643,4325,1323,134,539,"N",1.05121726707026
"696",2010,3,750,1471,293,33,182,546,1216,81,26,733,4317,1487,173,582,"Y",0.894129575178401
"697",2010,1,781,1521,318,41,142,559,967,68,28,638,4358,1493,155,383,"N",1.07548252535135
"698",2010,2,859,1485,275,32,201,662,1136,103,30,651,4327,1349,179,540,"Y",2.27459872162111
"699",2010,4,656,1361,266,40,128,502,1095,130,44,597,4359,1438,135,545,"N",1.48186511893016
"700",2010,2,663,1396,276,30,109,527,1061,156,38,566,4295,1315,153,512,"N",0.609124512093883
"701",2010,1,772,1451,290,34,166,560,1064,108,21,594,4369,1402,168,416,"Y",1.56460430858893
"702",2010,6,587,1303,276,27,126,463,1207,87,36,784,4235,1567,167,538,"N",0.385208150337736
"703",2010,2,665,1338,236,24,132,538,1183,124,50,549,4369,1305,139,517,"N",0.416695716940766
"704",2010,4,513,1274,227,16,101,459,1184,142,39,628,4314,1402,157,452,"N",0.953677620287826
"705",2010,1,697,1411,284,30,162,487,1099,55,32,546,4383,1279,134,578,"N",1.08741222653403
"706",2010,2,736,1456,285,18,150,541,1027,79,41,577,4361,1412,133,477,"Y",1.03118391877952
"707",2010,1,802,1343,295,37,160,672,1292,172,47,611,4361,1347,175,478,"Y",0.792877177969258
"708",2010,1,787,1556,268,25,162,511,986,123,48,636,4366,1355,162,551,"Y",0.609076491983907
"709",2010,4,755,1364,319,21,257,471,1164,58,20,676,4322,1407,150,539,"N",0.686061415107994
"710",2010,5,655,1355,250,31,149,503,1220,110,41,658,4305,1469,151,512,"N",0.676867482206364
"711",2011,1,731,1357,293,37,172,531,1249,133,55,609,4330,1414,159,442,"N",0.577910552083056
"712",2011,2,641,1345,244,16,173,504,1260,77,44,572,4439,1332,125,521,"Y",0.937358879667505
"713",2011,5,708,1434,273,13,191,452,1120,81,25,786,4340,1568,210,535,"Y",0.919057740084574
"714",2011,3,875,1600,352,35,203,578,1108,102,42,680,4372,1366,156,540,"N",1.74281380095966
"715",2011,3,654,1387,252,16,154,475,989,81,53,665,4380,1463,147,439,"N",1.37678675360793
"716",2011,5,654,1423,285,36,148,425,1202,69,23,690,4303,1439,162,580,"N",1.34724824625948
"717",2011,3,735,1438,264,19,183,535,1250,97,50,678,4403,1414,185,539,"Y",0.818247330096382
"718",2011,2,704,1380,290,26,154,494,1269,89,42,683,4360,1482,153,463,"N",0.525514167536197
"719",2011,4,735,1429,274,40,163,555,1201,118,42,713,4343,1471,176,522,"N",0.949699086062897
"720",2011,1,787,1540,297,34,169,521,1143,49,20,647,4320,1406,149,492,"Y",1.13880441895702
"721",2011,5,625,1358,274,30,149,542,1244,95,41,640,4379,1403,149,500,NA,0.613509338812027
"722",2011,6,615,1442,309,28,95,401,1164,118,33,719,4305,1477,188,560,"N",0.761650554895642
"723",2011,4,730,1560,325,41,129,442,1006,153,58,716,4354,1487,163,557,"N",0.384757753365677
"724",2011,2,667,1394,289,34,155,442,1086,135,52,581,4395,1388,142,476,"N",1.49265113391375
"725",2011,3,644,1395,237,28,117,498,1087,126,40,563,4296,1287,132,507,"N",1.12252254650142
"726",2011,1,721,1422,276,31,185,481,1083,94,31,582,4325,1348,147,440,"N",0.921140282365511
"727",2011,5,619,1357,259,25,103,440,1048,92,39,724,4265,1564,161,480,"N",1.21461791109953
"728",2011,1,867,1452,267,33,222,627,1138,147,46,605,4375,1423,152,507,"Y",2.17929226409216
"729",2011,4,718,1477,309,39,108,571,1085,130,35,674,4344,1482,147,514,"N",1.28044980971092
"730",2011,3,645,1330,280,29,114,509,1094,117,43,597,4343,1380,136,519,"Y",0.716858038105269
"731",2011,1,713,1409,258,38,153,539,1024,96,24,495,4431,1320,120,404,"N",1.86363135554911
"732",2011,4,610,1325,277,35,107,489,1308,108,52,650,4348,1513,152,535,"N",0.485332171703171
"733",2011,5,593,1284,247,42,91,501,1320,170,44,551,4348,1324,125,521,"N",0.494189831295242
"734",2011,4,556,1263,253,22,109,435,1280,125,40,621,4299,1369,145,436,"N",0.927747563759253
"735",2011,2,570,1327,282,24,121,448,1122,85,51,522,4404,1260,96,559,"Y",1.27345780288553
"736",2011,2,762,1513,308,22,162,542,978,57,39,608,4386,1461,136,448,"Y",1.1359314597905
"737",2011,2,707,1324,273,37,172,571,1193,155,62,577,4347,1263,161,504,"N",0.442307340546547
"738",2011,1,855,1599,310,32,210,475,930,143,45,607,4324,1327,170,461,"Y",0.99442365182419
"739",2011,4,743,1384,285,34,186,525,1184,131,52,700,4376,1433,179,540,"N",0.674099634885556
"740",2011,3,624,1319,257,22,154,470,1323,106,38,577,4348,1403,129,477,"Y",0.687988579584279
"741",2012,3,734,1416,307,33,165,539,1266,93,51,626,4301,1432,155,417,"N",0.754974559650813
"742",2012,2,700,1341,263,30,149,567,1289,101,32,549,4336,1310,145,464,"Y",0.847295447269048
"743",2012,2,712,1375,270,16,214,480,1315,58,29,642,4449,1433,184,481,"N",0.791280177170165
"744",2012,5,734,1459,339,16,165,428,1197,97,31,754,4329,1449,190,529,"Y",1.77158438807102
"745",2012,2,748,1409,228,29,211,461,1203,109,43,646,4337,1365,186,503,"N",0.991422293904208
"746",2012,5,613,1297,265,36,137,447,1235,94,45,708,4241,1399,175,573,"N",0.902197233502083
"747",2012,1,669,1377,296,30,172,481,1266,87,27,540,4359,1356,152,427,"Y",0.840888547113229
"748",2012,4,667,1385,266,24,136,555,1087,110,44,766,4326,1503,174,543,"Y",0.802290023551454
"749",2012,5,758,1526,306,52,166,450,1213,100,40,824,4266,1637,198,566,"N",0.79860000479715
"750",2012,1,726,1467,279,39,163,511,1103,59,23,596,4292,1409,151,438,"Y",1.3533413759205
"751",2012,6,583,1276,238,28,146,463,1365,105,46,721,4270,1493,173,540,"N",0.620419560022329
"752",2012,3,676,1492,295,37,131,404,1032,132,38,693,4354,1504,163,542,"N",0.623132636110224
"753",2012,3,767,1518,273,22,187,449,1113,134,33,640,4300,1339,186,483,"N",1.58028093056498
"754",2012,2,637,1369,269,23,116,481,1156,104,44,538,4349,1277,122,539,"Y",0.973255757373356
"755",2012,5,609,1327,261,39,137,484,1228,149,41,655,4322,1448,133,495,"N",1.20785973534347
"756",2012,3,776,1442,300,39,202,466,1240,158,39,682,4361,1458,169,525,"N",0.998935169592012
"757",2012,5,701,1448,270,30,131,505,1069,135,37,762,4316,1536,198,465,"N",0.962427236231897
"758",2012,1,804,1462,280,13,245,565,1176,93,27,617,4336,1401,190,431,"N",2.01029285709982
"759",2012,4,650,1357,286,21,139,503,1250,79,38,651,4302,1368,161,488,"N",0.954949416484344
"760",2012,1,713,1315,267,32,195,550,1387,122,32,569,4410,1360,147,462,"Y",0.566424001044276
"761",2012,3,684,1414,271,28,158,454,1094,116,23,618,4354,1387,178,409,"N",1.78541773624053
"762",2012,4,651,1313,241,37,170,444,1354,73,52,615,4300,1357,153,490,"Y",0.643957255809568
"763",2012,4,651,1339,272,43,121,539,1238,155,46,640,4304,1356,162,539,"N",0.565116691687945
"764",2012,4,619,1285,241,27,149,466,1259,104,35,608,4370,1359,166,449,"N",0.838581667795526
"765",2012,1,718,1495,287,57,103,483,1097,118,39,593,4353,1361,142,489,"N",1.2031816853207
"766",2012,2,765,1526,290,37,159,533,1192,91,37,603,4388,1420,134,436,"Y",1.12830476450716
"767",2012,3,697,1293,250,30,175,571,1323,134,44,518,4379,1233,139,469,"Y",0.656452402022933
"768",2012,2,808,1526,303,32,200,478,1103,91,44,639,4326,1378,175,446,"N",1.23274744797188
"769",2012,4,716,1346,247,22,198,473,1251,123,41,745,4331,1439,204,574,"N",0.767294436392258
"770",2012,1,731,1468,301,25,194,479,1325,105,35,543,4405,1296,129,497,"N",0.827094561435137
"771",2013,2,685,1468,302,31,130,519,1142,62,41,651,4485,1460,176,485,"N",0.891065132958138
"772",2013,1,688,1354,247,21,181,542,1384,64,31,512,4351,1326,127,409,"N",0.86871757097767
"773",2013,3,745,1460,298,14,212,416,1125,79,29,678,4359,1438,202,473,"Y",0.834331386082916
"774",2013,1,853,1566,363,29,178,581,1308,123,19,613,4362,1366,156,524,"N",1.49805950824509
"775",2013,5,598,1385,237,19,148,411,1207,105,42,643,4365,1424,182,509,"N",1.18699221157481
"776",2013,5,602,1307,297,18,172,439,1230,63,32,643,4344,1332,160,540,"N",0.994235056799889
"777",2013,3,698,1370,274,20,155,585,1245,67,35,554,4421,1294,170,435,"N",1.0519383357672
"778",2013,2,745,1391,290,23,171,562,1283,117,36,611,4324,1359,147,554,"N",0.749096980445097
"779",2013,5,706,1511,283,36,159,427,1204,112,32,708,4308,1545,136,517,"N",0.735624736429975
"780",2013,1,796,1625,292,23,176,531,1073,35,20,587,4388,1369,128,462,"Y",1.44328488470235
"781",2013,5,610,1307,266,16,148,426,1535,110,61,766,4320,1530,191,616,"N",0.17687146600779
"782",2013,3,648,1443,254,34,112,422,1048,153,32,555,4345,1366,155,469,"Y",0.791804726245636
"783",2013,3,733,1476,270,39,164,523,1221,82,34,685,4373,1475,167,533,"Y",1.2276193817822
"784",2013,1,649,1447,281,17,138,476,1146,78,28,524,4351,1321,127,460,"Y",2.20820868145122
"785",2013,5,513,1257,219,31,95,432,1232,78,29,602,4380,1376,121,526,"N",0.332195907015778
"786",2013,4,640,1381,238,43,157,407,1183,142,50,615,4328,1401,175,466,"N",0.760715597023024
"787",2013,4,614,1346,285,15,151,533,1430,52,33,733,4351,1591,168,458,"N",0.744803393403383
"788",2013,4,650,1321,247,24,144,466,1214,115,31,633,4342,1452,171,437,"N",2.29339520810667
"789",2013,4,619,1318,263,32,130,512,1384,114,35,618,4430,1442,152,458,"N",0.488857420261949
"790",2013,1,767,1403,301,25,186,573,1178,74,28,574,4356,1339,163,428,"Y",0.594483358935841
"791",2013,4,610,1355,255,32,140,417,1205,73,29,689,4309,1465,152,506,"N",1.67930551958215
"792",2013,2,634,1346,273,35,161,469,1330,94,42,533,4412,1299,101,515,"Y",0.76185218652665
"793",2013,3,618,1349,246,26,146,467,1309,118,34,643,4365,1407,156,525,"N",0.648392937886943
"794",2013,4,624,1318,249,17,188,529,1353,49,23,702,4395,1467,174,478,"N",0.731630425158298
"795",2013,4,629,1446,280,35,107,469,1078,67,26,643,4342,1380,145,521,"Y",1.38585416892809
"796",2013,1,783,1494,322,20,125,481,1110,45,22,555,4379,1366,112,451,"Y",0.91210410491149
"797",2013,2,700,1421,296,23,165,589,1171,73,38,608,4392,1315,153,482,"N",0.523527675914374
"798",2013,2,730,1465,262,23,176,462,1067,149,46,589,4390,1370,157,498,"N",1.11242361791368
"799",2013,5,712,1398,273,24,185,510,1123,112,41,685,4356,1451,195,500,"N",1.24851243307073
"800",2013,2,656,1365,259,27,161,464,1192,88,28,576,4337,1367,142,405,"Y",1.12409598589097
"801",2014,5,615,1379,259,47,118,398,1165,86,33,683,4333,1467,154,469,"N",0.919659428262349
"802",2014,2,573,1316,240,22,123,472,1369,95,33,547,4365,1369,121,472,"N",0.917286544077697
"803",2014,1,705,1434,264,16,211,401,1285,44,20,557,4384,1342,151,472,"N",0.971858181544111
"804",2014,5,634,1355,282,20,123,535,1337,63,25,653,4397,1458,154,482,"N",1.30644828069478
"805",2014,4,660,1400,279,32,155,417,1362,85,36,687,4323,1468,140,557,"N",0.769007125830098
"806",2014,5,614,1315,270,31,157,442,1477,65,40,636,4390,1398,115,504,"Y",0.615751698965576
"807",2014,4,595,1282,254,20,131,415,1252,122,52,576,4338,1282,163,507,"N",1.01698057129699
"808",2014,3,669,1411,284,23,142,504,1189,104,27,581,4405,1398,135,464,"N",0.772027492578861
"809",2014,4,755,1551,307,41,186,397,1281,85,48,770,4293,1528,173,531,"N",0.896560223011368
"810",2014,1,757,1557,325,26,155,443,1144,106,41,648,4362,1475,127,462,"N",1.43646890489882
"811",2014,4,629,1317,240,19,163,495,1442,122,37,657,4316,1437,139,484,"Y",0.33000757581571
"812",2014,2,651,1456,286,29,95,380,985,153,36,565,4352,1386,128,440,"Y",0.701002379549248
"813",2014,1,773,1464,304,31,155,492,1266,81,39,590,4448,1307,126,504,"N",1.14639203619119
"814",2014,1,718,1476,302,38,134,519,1246,138,50,554,4394,1338,142,429,"Y",2.03940796902339
"815",2014,4,645,1399,254,36,122,501,1419,58,21,613,4373,1481,114,458,"N",0.393164825128054
"816",2014,3,650,1366,297,28,150,423,1197,102,43,594,4373,1386,167,431,"N",0.951192944625109
"817",2014,5,715,1412,316,27,128,544,1329,99,36,728,4305,1588,147,408,"N",0.787163213928102
"818",2014,2,633,1349,247,26,147,452,1133,112,26,605,4359,1392,164,398,"Y",1.85643094136438
"819",2014,3,629,1306,275,19,125,516,1264,101,34,568,4391,1370,141,509,"Y",0.804027043395487
"820",2014,2,729,1354,253,33,146,586,1104,83,20,524,4390,1269,147,406,"N",0.680462365132268
"821",2014,5,619,1356,251,27,125,443,1306,109,26,619,4405,1396,134,521,"N",1.70044138806548
"822",2014,2,682,1436,275,30,156,520,1244,104,47,562,4369,1341,128,499,"Y",0.725284972685188
"823",2014,3,535,1199,224,30,109,468,1294,91,34,523,4316,1300,117,462,"N",0.711260992214871
"824",2014,3,634,1328,247,32,136,396,1232,96,42,512,4356,1240,137,463,"N",0.869566668429221
"825",2014,2,665,1407,257,42,132,427,1245,56,27,564,4347,1305,133,389,"N",1.53659678932268
"826",2014,1,619,1371,275,21,105,471,1133,57,32,564,4346,1321,123,470,"Y",1.13421984514102
"827",2014,4,612,1361,263,24,117,527,1124,63,27,579,4391,1292,145,482,"N",0.68310026054071
"828",2014,5,637,1400,260,28,111,417,1162,105,59,711,4279,1510,160,505,"Y",1.0549237788047
"829",2014,3,723,1435,282,24,177,502,1151,78,21,642,4329,1400,151,490,"Y",1.03298085887239
"830",2014,1,686,1403,265,27,152,517,1304,101,23,495,4412,1351,110,352,"N",1.24032470061016
"831",2015,3,720,1494,289,48,154,490,1312,132,44,659,4400,1450,182,500,"N",0.527872721034159
"832",2015,4,573,1361,251,18,100,471,1107,69,33,698,4276,1462,170,550,"N",0.612791728769499
"833",2015,3,713,1370,246,20,217,418,1331,44,25,646,4304,1406,174,483,"Y",0.982130042317017
"834",2015,5,748,1495,294,33,161,478,1148,71,27,694,4345,1486,178,478,"Y",1.54606760918811
"835",2015,4,622,1381,260,27,136,404,1231,68,42,643,4358,1443,162,474,"N",0.959326758606532
"836",2015,3,689,1341,272,30,171,567,1518,95,37,546,4384,1276,134,407,"Y",0.989253916635845
"837",2015,5,640,1382,257,27,167,496,1255,134,38,700,4360,1436,177,544,"N",0.965290540550064
"838",2015,3,669,1395,303,29,141,533,1157,86,28,584,4298,1274,161,425,"Y",0.748379705251509
"839",2015,5,737,1479,274,49,186,388,1283,97,43,799,4279,1579,183,579,"N",0.816887176212912
"840",2015,5,689,1515,289,49,151,455,1259,83,51,746,4341,1491,193,489,"N",1.47078338414448
"841",2015,2,729,1363,278,26,230,486,1392,121,48,572,4323,1308,148,423,"N",0.616846345143261
"842",2015,1,724,1497,300,42,139,383,973,104,34,601,4356,1372,155,489,"N",0.957050171973259
"843",2015,3,661,1331,243,21,176,435,1150,52,34,630,4322,1355,166,466,"N",1.02447819896632
"844",2015,1,667,1346,263,26,187,563,1258,59,34,553,4337,1317,145,395,"Y",1.84220186656861
"845",2015,3,613,1420,236,40,120,375,1150,112,45,638,4281,1374,141,508,"N",0.580993787221613
"846",2015,4,655,1378,274,34,145,412,1299,84,29,682,4305,1432,176,517,"N",0.860949702692611
"847",2015,2,696,1349,277,44,156,439,1264,70,38,653,4329,1506,163,413,"N",0.919897225717822
"848",2015,2,764,1397,272,19,212,554,1227,63,25,652,4373,1416,182,474,"N",1.81624922286982
"849",2015,1,683,1351,295,17,177,488,1290,51,25,557,4388,1341,152,383,"Y",0.826090698655431
"850",2015,5,694,1405,277,46,146,475,1119,78,29,664,4334,1402,172,474,"N",0.674874449011007
"851",2015,5,626,1374,272,37,130,387,1274,88,32,749,4309,1592,191,488,"N",0.953515668248348
"852",2015,2,697,1462,292,27,140,461,1322,98,45,532,4469,1392,110,453,"N",0.758869316664881
"853",2015,4,650,1324,260,36,148,426,1327,82,29,655,4321,1371,171,516,"N",1.01112545385748
"854",2015,4,656,1379,262,22,198,478,1336,69,45,677,4389,1430,181,491,"N",1.04328749560189
"855",2015,2,696,1486,288,39,136,457,1159,93,36,597,4333,1344,155,431,"Y",1.40604568624717
"856",2015,1,647,1386,288,39,137,506,1267,69,38,478,4394,1359,123,477,"N",1.01795670772059
"857",2015,4,644,1383,278,32,167,436,1310,87,45,604,4360,1314,175,477,"N",0.550813449367483
"858",2015,1,751,1419,279,32,172,503,1233,101,39,680,4328,1459,171,508,"Y",1.22712257266987
"859",2015,1,891,1480,308,17,232,570,1151,88,23,609,4323,1353,173,397,"Y",0.964608559112788
"860",2015,2,703,1363,265,13,177,539,1344,57,23,577,4304,1366,145,364,"Y",1.32823983897962
"861",2016,4,752,1479,285,56,190,463,1427,137,31,821,4354,1563,202,603,"Y",0.699486876293091
"862",2016,5,649,1404,295,27,122,502,1240,75,34,725,4343,1414,177,547,"N",0.547966251685533
"863",2016,2,744,1413,265,6,253,468,1324,19,13,671,4296,1408,183,545,"N",1.29486020708438
"864",2016,1,878,1598,343,25,208,558,1160,83,24,640,4319,1342,176,490,"Y",1.50831082670904
"865",2016,4,686,1428,277,33,168,455,1285,77,36,659,4340,1422,185,521,"N",0.90395621697265
"866",2016,1,808,1409,293,30,199,656,1339,66,34,511,4379,1125,163,495,"Y",1.232496187969
"867",2016,5,716,1403,277,33,164,452,1284,139,51,786,4326,1457,258,636,"N",0.711494404362879
"868",2016,1,777,1435,308,29,185,531,1246,134,31,617,4335,1330,186,461,"Y",0.59447341976211
"869",2016,3,845,1544,318,47,204,494,1330,66,39,779,4288,1532,181,547,"Y",0.901127552608878
"870",2016,2,750,1476,252,30,211,493,1303,58,29,672,4284,1417,182,462,"N",1.55895473122442
"871",2016,3,724,1367,291,29,198,554,1452,102,44,663,4404,1441,181,453,"Y",0.75912178739717
"872",2016,3,675,1450,264,33,147,382,1224,121,35,674,4320,1433,206,517,"N",1.05185846214991
"873",2016,4,717,1410,279,20,156,471,991,73,34,676,4264,1480,208,498,"N",1.09797043670554
"874",2016,1,725,1376,272,21,189,525,1321,45,26,598,4359,1266,165,464,"Y",1.77024218210296
"875",2016,3,655,1460,259,42,128,447,1213,71,28,646,4305,1358,152,595,"N",0.618490955810826
"876",2016,4,671,1299,249,19,194,599,1543,181,56,650,4303,1450,178,532,"N",0.550181738514822
"877",2016,5,722,1409,288,35,200,513,1426,91,32,814,4329,1617,221,479,"Y",0.820635533664736
"878",2016,4,680,1378,245,20,183,475,1188,72,22,660,4285,1358,214,444,"Y",1.78391697708765
"879",2016,2,671,1342,240,19,218,517,1302,42,18,574,4341,1397,152,439,"N",1.07107379014129
"880",2016,5,653,1352,270,21,169,442,1145,50,23,718,4300,1459,185,464,"N",0.694424429770332
"881",2016,4,610,1305,231,35,161,424,1376,96,45,739,4311,1468,213,466,"N",0.471822713422335
"882",2016,3,729,1426,277,32,153,561,1334,110,45,679,4352,1490,180,533,"N",0.830200247234035
"883",2016,5,686,1275,257,26,177,449,1500,125,45,708,4320,1425,183,569,"N",0.811368785178631
"884",2016,2,768,1446,251,17,223,506,1288,56,28,647,4371,1410,213,460,"N",1.08542694427234
"885",2016,2,715,1437,280,54,130,572,1107,79,36,593,4381,1334,158,439,"N",1.3779797377621
"886",2016,2,779,1415,299,32,225,526,1318,35,26,656,4345,1432,159,475,"N",1.14438607213567
"887",2016,5,672,1333,288,32,216,449,1482,60,37,665,4279,1395,210,491,"N",0.45676174522408
"888",2016,1,765,1446,257,23,215,436,1220,99,36,700,4329,1441,201,534,"N",1.40825818842426
"889",2016,2,759,1358,276,18,221,632,1362,54,24,613,4378,1340,183,461,"N",1.10957294761429
"890",2016,1,763,1403,268,29,203,536,1252,121,39,570,4379,1272,155,468,"Y",1.13317965071505
